Id,Name,"Generation Id","Evolves From Species ID","Evolution Chain ID","Color ID","Shape ID","Habitat ID","Gender Rate","Capture Rate","Base Happiness","Is Baby","Hatch Counter","Has Gender Differences","Growth Rate ID","Forms Switchable","Is Legendary","Is Mythical",Order
1,Bulbasaur,1,,1,5,8,3,1,45,50,0,20,0,4,0,0,0,1
2,Ivysaur,1,1,1,5,8,3,1,45,50,0,20,0,4,0,0,0,2
3,Venusaur,1,2,1,5,8,3,1,45,50,0,20,1,4,1,0,0,3
4,Charmander,1,,2,8,6,4,1,45,50,0,20,0,4,0,0,0,4
5,Charmeleon,1,4,2,8,6,4,1,45,50,0,20,0,4,0,0,0,5
6,Charizard,1,5,2,8,6,4,1,45,50,0,20,0,4,1,0,0,6
7,Squirtle,1,,3,2,6,9,1,45,50,0,20,0,4,0,0,0,7
8,Wartortle,1,7,3,2,6,9,1,45,50,0,20,0,4,0,0,0,8
9,Blastoise,1,8,3,2,6,9,1,45,50,0,20,0,4,1,0,0,9
10,Caterpie,1,,4,5,14,2,4,255,50,0,15,0,2,0,0,0,10
11,Metapod,1,10,4,5,2,2,4,120,50,0,15,0,2,0,0,0,11
12,Butterfree,1,11,4,9,13,2,4,45,50,0,15,1,2,0,0,0,12
13,Weedle,1,,5,3,14,2,4,255,70,0,15,0,2,0,0,0,13
14,Kakuna,1,13,5,10,2,2,4,120,70,0,15,0,2,0,0,0,14
15,Beedrill,1,14,5,10,13,2,4,45,70,0,15,0,2,1,0,0,15
16,Pidgey,1,,6,3,9,2,4,255,70,0,15,0,4,0,0,0,16
17,Pidgeotto,1,16,6,3,9,2,4,120,70,0,15,0,4,0,0,0,17
18,Pidgeot,1,17,6,3,9,2,4,45,70,0,15,0,4,1,0,0,18
19,Rattata,1,,7,7,8,3,4,255,70,0,15,1,2,0,0,0,19
20,Raticate,1,19,7,3,8,3,4,127,70,0,15,1,2,0,0,0,20
21,Spearow,1,,8,3,9,6,4,255,70,0,15,0,2,0,0,0,21
22,Fearow,1,21,8,3,9,6,4,90,70,0,15,0,2,0,0,0,22
23,Ekans,1,,9,7,2,3,4,255,70,0,20,0,2,0,0,0,23
24,Arbok,1,23,9,7,2,3,4,90,70,0,20,0,2,0,0,0,24
25,Pikachu,1,172,10,10,8,2,4,190,50,0,10,1,2,0,0,0,26
26,Raichu,1,25,10,10,6,2,4,75,50,0,10,1,2,0,0,0,27
27,Sandshrew,1,,11,10,6,6,4,255,50,0,20,0,2,0,0,0,28
28,Sandslash,1,27,11,10,6,6,4,90,50,0,20,0,2,0,0,0,29
29,"Nidoran F",1,,12,2,8,3,8,235,50,0,20,0,4,0,0,0,30
30,Nidorina,1,29,12,2,8,3,8,120,50,0,20,0,4,0,0,0,31
31,Nidoqueen,1,30,12,2,6,3,8,45,50,0,20,0,4,0,0,0,32
32,"Nidoran M",1,,13,7,8,3,0,235,50,0,20,0,4,0,0,0,33
33,Nidorino,1,32,13,7,8,3,0,120,50,0,20,0,4,0,0,0,34
34,Nidoking,1,33,13,7,6,3,0,45,50,0,20,0,4,0,0,0,35
35,Clefairy,1,173,14,6,6,4,6,150,140,0,10,0,3,0,0,0,37
36,Clefable,1,35,14,6,6,4,6,25,140,0,10,0,3,0,0,0,38
37,Vulpix,1,,15,3,8,3,6,190,50,0,20,0,2,0,0,0,39
38,Ninetales,1,37,15,10,8,3,6,75,50,0,20,0,2,0,0,0,40
39,Jigglypuff,1,174,16,6,12,3,6,170,50,0,10,0,3,0,0,0,42
40,Wigglytuff,1,39,16,6,12,3,6,50,50,0,10,0,3,0,0,0,43
41,Zubat,1,,17,7,9,1,4,255,50,0,15,1,2,0,0,0,44
42,Golbat,1,41,17,7,9,1,4,90,50,0,15,1,2,0,0,0,45
43,Oddish,1,,18,2,7,3,4,255,50,0,20,0,4,0,0,0,47
44,Gloom,1,43,18,2,12,3,4,120,50,0,20,1,4,0,0,0,48
45,Vileplume,1,44,18,8,12,3,4,45,50,0,20,1,4,0,0,0,49
46,Paras,1,,19,8,14,2,4,190,70,0,20,0,2,0,0,0,51
47,Parasect,1,46,19,8,14,2,4,75,70,0,20,0,2,0,0,0,52
48,Venonat,1,,20,7,12,2,4,190,70,0,20,0,2,0,0,0,53
49,Venomoth,1,48,20,7,13,2,4,75,70,0,20,0,2,0,0,0,54
50,Diglett,1,,21,3,5,1,4,255,50,0,20,0,2,0,0,0,55
51,Dugtrio,1,50,21,3,11,1,4,50,50,0,20,0,2,0,0,0,56
52,Meowth,1,,22,10,8,8,4,255,50,0,20,0,2,0,0,0,57
53,Persian,1,52,22,10,8,8,4,90,50,0,20,0,2,0,0,0,58
54,Psyduck,1,,23,10,6,9,4,190,50,0,20,0,2,0,0,0,59
55,Golduck,1,54,23,2,6,9,4,75,50,0,20,0,2,0,0,0,60
56,Mankey,1,,24,3,6,4,4,190,70,0,20,0,2,0,0,0,61
57,Primeape,1,56,24,3,6,4,4,75,70,0,20,0,2,0,0,0,62
58,Growlithe,1,,25,3,8,3,2,190,50,0,20,0,1,0,0,0,63
59,Arcanine,1,58,25,3,8,3,2,75,50,0,20,0,1,0,0,0,64
60,Poliwag,1,,26,2,7,9,4,255,50,0,20,0,4,0,0,0,65
61,Poliwhirl,1,60,26,2,12,9,4,120,50,0,20,0,4,0,0,0,66
62,Poliwrath,1,61,26,2,12,9,4,45,50,0,20,0,4,0,0,0,67
63,Abra,1,,27,3,6,8,2,200,50,0,20,0,4,0,0,0,69
64,Kadabra,1,63,27,3,6,8,2,100,50,0,20,1,4,0,0,0,70
65,Alakazam,1,64,27,3,12,8,2,50,50,0,20,1,4,1,0,0,71
66,Machop,1,,28,4,6,4,2,180,50,0,20,0,4,0,0,0,72
67,Machoke,1,66,28,4,12,4,2,90,50,0,20,0,4,0,0,0,73
68,Machamp,1,67,28,4,12,4,2,45,50,0,20,0,4,0,0,0,74
69,Bellsprout,1,,29,5,12,2,4,255,70,0,20,0,4,0,0,0,75
70,Weepinbell,1,69,29,5,5,2,4,120,70,0,20,0,4,0,0,0,76
71,Victreebel,1,70,29,5,5,2,4,45,70,0,20,0,4,0,0,0,77
72,Tentacool,1,,30,2,10,7,4,190,50,0,20,0,1,0,0,0,78
73,Tentacruel,1,72,30,2,10,7,4,60,50,0,20,0,1,0,0,0,79
74,Geodude,1,,31,3,4,4,4,255,70,0,15,0,4,0,0,0,80
75,Graveler,1,74,31,3,12,4,4,120,70,0,15,0,4,0,0,0,81
76,Golem,1,75,31,3,12,4,4,45,70,0,15,0,4,0,0,0,82
77,Ponyta,1,,32,10,8,3,4,190,50,0,20,0,2,0,0,0,83
78,Rapidash,1,77,32,10,8,3,4,60,50,0,20,0,2,0,0,0,84
79,Slowpoke,1,,33,6,8,9,4,190,50,0,20,0,2,0,0,0,85
80,Slowbro,1,79,33,6,6,9,4,75,50,0,20,0,2,1,0,0,86
81,Magnemite,1,,34,4,4,6,-1,190,50,0,20,0,2,0,0,0,88
82,Magneton,1,81,34,4,11,6,-1,60,50,0,20,0,2,0,0,0,89
83,Farfetchd,1,,35,3,9,3,4,45,50,0,20,0,2,0,0,0,91
84,Doduo,1,,36,3,7,3,4,190,70,0,20,1,2,0,0,0,92
85,Dodrio,1,84,36,3,7,3,4,45,70,0,20,1,2,0,0,0,93
86,Seel,1,,37,9,3,7,4,190,70,0,20,0,2,0,0,0,94
87,Dewgong,1,86,37,9,3,7,4,75,70,0,20,0,2,0,0,0,95
88,Grimer,1,,38,7,4,8,4,190,70,0,20,0,2,0,0,0,96
89,Muk,1,88,38,7,4,8,4,75,70,0,20,0,2,0,0,0,97
90,Shellder,1,,39,7,1,7,4,190,50,0,20,0,1,0,0,0,98
91,Cloyster,1,90,39,7,1,7,4,60,50,0,20,0,1,0,0,0,99
92,Gastly,1,,40,7,1,1,4,190,50,0,20,0,4,0,0,0,100
93,Haunter,1,92,40,7,4,1,4,90,50,0,20,0,4,0,0,0,101
94,Gengar,1,93,40,7,6,1,4,45,50,0,20,0,4,1,0,0,102
95,Onix,1,,41,4,2,1,4,45,50,0,25,0,2,0,0,0,103
96,Drowzee,1,,42,10,12,3,4,190,70,0,20,0,2,0,0,0,105
97,Hypno,1,96,42,10,12,3,4,75,70,0,20,1,2,0,0,0,106
98,Krabby,1,,43,8,14,9,4,225,50,0,20,0,2,0,0,0,107
99,Kingler,1,98,43,8,14,9,4,60,50,0,20,0,2,0,0,0,108
100,Voltorb,1,,44,8,1,8,-1,190,70,0,20,0,2,0,0,0,109
101,Electrode,1,100,44,8,1,8,-1,60,70,0,20,0,2,0,0,0,110
102,Exeggcute,1,,45,6,11,2,4,90,50,0,20,0,1,0,0,0,111
103,Exeggutor,1,102,45,10,7,2,4,45,50,0,20,0,1,0,0,0,112
104,Cubone,1,,46,3,6,4,4,190,50,0,20,0,2,0,0,0,113
105,Marowak,1,104,46,3,6,4,4,75,50,0,20,0,2,0,0,0,114
106,Hitmonlee,1,236,47,3,12,8,0,45,50,0,25,0,2,0,0,0,116
107,Hitmonchan,1,236,47,3,12,8,0,45,50,0,25,0,2,0,0,0,117
108,Lickitung,1,,48,6,6,3,4,45,50,0,20,0,2,0,0,0,119
109,Koffing,1,,49,7,1,8,4,190,50,0,20,0,2,0,0,0,121
110,Weezing,1,109,49,7,11,8,4,60,50,0,20,0,2,0,0,0,122
111,Rhyhorn,1,,50,4,8,6,4,120,50,0,20,1,1,0,0,0,123
112,Rhydon,1,111,50,4,6,6,4,60,50,0,20,1,1,0,0,0,124
113,Chansey,1,440,51,6,6,8,8,30,140,0,40,0,3,0,0,0,127
114,Tangela,1,,52,2,7,3,4,45,50,0,20,0,2,0,0,0,129
115,Kangaskhan,1,,53,3,6,3,8,45,50,0,20,0,2,1,0,0,131
116,Horsea,1,,54,2,5,7,4,225,50,0,20,0,2,0,0,0,132
117,Seadra,1,116,54,2,5,7,4,75,50,0,20,0,2,0,0,0,133
118,Goldeen,1,,55,8,3,9,4,225,50,0,20,1,2,0,0,0,135
119,Seaking,1,118,55,8,3,9,4,60,50,0,20,1,2,0,0,0,136
120,Staryu,1,,56,3,5,7,-1,225,50,0,20,0,1,0,0,0,137
121,Starmie,1,120,56,7,5,7,-1,60,50,0,20,0,1,0,0,0,138
122,"Mr Mime",1,439,57,6,12,8,4,45,50,0,25,0,2,0,0,0,140
123,Scyther,1,,58,5,13,3,4,45,50,0,25,1,2,0,0,0,141
124,Jynx,1,238,59,8,12,8,8,45,50,0,25,0,2,0,0,0,144
125,Electabuzz,1,239,60,10,6,3,2,45,50,0,25,0,2,0,0,0,146
126,Magmar,1,240,61,8,6,4,2,45,50,0,25,0,2,0,0,0,149
127,Pinsir,1,,62,3,12,2,4,45,50,0,25,0,1,1,0,0,151
128,Tauros,1,,63,3,8,3,0,45,50,0,20,0,1,0,0,0,152
129,Magikarp,1,,64,8,3,9,4,255,50,0,5,1,1,0,0,0,153
130,Gyarados,1,129,64,2,2,9,4,45,50,0,5,1,1,1,0,0,154
131,Lapras,1,,65,2,3,7,4,45,50,0,40,0,1,0,0,0,155
132,Ditto,1,,66,7,1,8,-1,35,50,0,20,0,2,0,0,0,156
133,Eevee,1,,67,3,8,8,1,45,50,0,35,1,2,0,0,0,157
134,Vaporeon,1,133,67,2,8,8,1,45,50,0,35,0,2,0,0,0,158
135,Jolteon,1,133,67,10,8,8,1,45,50,0,35,0,2,0,0,0,159
136,Flareon,1,133,67,8,8,8,1,45,50,0,35,0,2,0,0,0,160
137,Porygon,1,,68,6,7,8,-1,45,50,0,20,0,2,0,0,0,166
138,Omanyte,1,,69,2,10,7,1,45,50,0,30,0,2,0,0,0,169
139,Omastar,1,138,69,2,10,7,1,45,50,0,30,0,2,0,0,0,170
140,Kabuto,1,,70,3,14,7,1,45,50,0,30,0,2,0,0,0,171
141,Kabutops,1,140,70,3,6,7,1,45,50,0,30,0,2,0,0,0,172
142,Aerodactyl,1,,71,7,9,4,1,45,50,0,35,0,1,1,0,0,173
143,Snorlax,1,446,72,1,12,4,1,25,50,0,40,0,1,0,0,0,175
144,Articuno,1,,73,2,9,5,-1,3,35,0,80,0,1,0,1,0,176
145,Zapdos,1,,74,10,9,5,-1,3,35,0,80,0,1,0,1,0,177
146,Moltres,1,,75,10,9,5,-1,3,35,0,80,0,1,0,1,0,178
147,Dratini,1,,76,2,2,9,4,45,35,0,40,0,1,0,0,0,179
148,Dragonair,1,147,76,2,2,9,4,45,35,0,40,0,1,0,0,0,180
149,Dragonite,1,148,76,3,6,9,4,45,35,0,40,0,1,0,0,0,181
150,Mewtwo,1,,77,7,6,5,-1,3,0,0,120,0,1,1,1,0,182
151,Mew,1,,78,6,6,5,-1,45,100,0,120,0,4,0,0,1,183
152,Chikorita,2,,79,5,8,3,1,45,70,0,20,0,4,0,0,0,184
153,Bayleef,2,152,79,5,8,3,1,45,70,0,20,0,4,0,0,0,185
154,Meganium,2,153,79,5,8,3,1,45,70,0,20,1,4,0,0,0,186
155,Cyndaquil,2,,80,10,12,3,1,45,70,0,20,0,4,0,0,0,187
156,Quilava,2,155,80,10,8,3,1,45,70,0,20,0,4,0,0,0,188
157,Typhlosion,2,156,80,10,8,3,1,45,70,0,20,0,4,0,0,0,189
158,Totodile,2,,81,2,6,9,1,45,70,0,20,0,4,0,0,0,190
159,Croconaw,2,158,81,2,6,9,1,45,70,0,20,0,4,0,0,0,191
160,Feraligatr,2,159,81,2,6,9,1,45,70,0,20,0,4,0,0,0,192
161,Sentret,2,,82,3,8,3,4,255,70,0,15,0,2,0,0,0,193
162,Furret,2,161,82,3,8,3,4,90,70,0,15,0,2,0,0,0,194
163,Hoothoot,2,,83,3,9,2,4,255,50,0,15,0,2,0,0,0,195
164,Noctowl,2,163,83,3,9,2,4,90,50,0,15,0,2,0,0,0,196
165,Ledyba,2,,84,8,9,2,4,255,70,0,15,1,3,0,0,0,197
166,Ledian,2,165,84,8,9,2,4,90,70,0,15,1,3,0,0,0,198
167,Spinarak,2,,85,5,14,2,4,255,70,0,15,0,3,0,0,0,199
168,Ariados,2,167,85,8,14,2,4,90,70,0,15,0,3,0,0,0,200
169,Crobat,2,42,17,7,13,1,4,90,50,0,15,0,2,0,0,0,46
170,Chinchou,2,,86,2,3,7,4,190,50,0,20,0,1,0,0,0,201
171,Lanturn,2,170,86,2,3,7,4,75,50,0,20,0,1,0,0,0,202
172,Pichu,2,,10,10,8,2,4,190,50,1,10,0,2,0,0,0,25
173,Cleffa,2,,14,6,6,4,6,150,140,1,10,0,3,0,0,0,36
174,Igglybuff,2,,16,6,12,3,6,170,50,1,10,0,3,0,0,0,41
175,Togepi,2,,87,9,12,2,1,190,50,1,10,0,3,0,0,0,203
176,Togetic,2,175,87,9,12,2,1,75,50,0,10,0,3,0,0,0,204
177,Natu,2,,88,5,9,2,4,190,50,0,20,0,2,0,0,0,206
178,Xatu,2,177,88,5,9,2,4,75,50,0,20,1,2,0,0,0,207
179,Mareep,2,,89,9,8,3,4,235,70,0,20,0,4,0,0,0,208
180,Flaaffy,2,179,89,6,6,3,4,120,70,0,20,0,4,0,0,0,209
181,Ampharos,2,180,89,10,6,3,4,45,70,0,20,0,4,1,0,0,210
182,Bellossom,2,44,18,5,12,3,4,45,50,0,20,0,4,0,0,0,50
183,Marill,2,298,90,2,6,9,4,190,50,0,10,0,3,0,0,0,212
184,Azumarill,2,183,90,2,6,9,4,75,50,0,10,0,3,0,0,0,213
185,Sudowoodo,2,438,91,3,12,2,4,65,50,0,20,1,2,0,0,0,215
186,Politoed,2,61,26,5,12,9,4,45,50,0,20,1,4,0,0,0,68
187,Hoppip,2,,92,6,6,3,4,255,70,0,20,0,4,0,0,0,216
188,Skiploom,2,187,92,5,6,3,4,120,70,0,20,0,4,0,0,0,217
189,Jumpluff,2,188,92,2,6,3,4,45,70,0,20,0,4,0,0,0,218
190,Aipom,2,,93,7,6,2,4,45,70,0,20,1,3,0,0,0,219
191,Sunkern,2,,94,10,1,3,4,235,70,0,20,0,4,0,0,0,221
192,Sunflora,2,191,94,10,12,3,4,120,70,0,20,0,4,0,0,0,222
193,Yanma,2,,95,8,13,2,4,75,70,0,20,0,2,0,0,0,223
194,Wooper,2,,96,2,7,9,4,255,50,0,20,1,2,0,0,0,225
195,Quagsire,2,194,96,2,6,9,4,90,50,0,20,1,2,0,0,0,226
196,Espeon,2,133,67,7,8,8,1,45,50,0,35,0,2,0,0,0,161
197,Umbreon,2,133,67,1,8,8,1,45,35,0,35,0,2,0,0,0,162
198,Murkrow,2,,97,1,9,2,4,30,35,0,20,1,4,0,0,0,227
199,Slowking,2,79,33,6,6,9,4,70,50,0,20,0,2,0,0,0,87
200,Misdreavus,2,,98,4,1,1,4,45,35,0,25,0,3,0,0,0,229
201,Unown,2,,99,1,1,5,-1,225,70,0,40,0,2,0,0,0,231
202,Wobbuffet,2,360,100,2,5,1,4,45,50,0,20,1,2,0,0,0,233
203,Girafarig,2,,101,10,8,3,4,60,70,0,20,1,2,0,0,0,234
204,Pineco,2,,102,4,1,2,4,190,70,0,20,0,2,0,0,0,235
205,Forretress,2,204,102,7,1,2,4,75,70,0,20,0,2,0,0,0,236
206,Dunsparce,2,,103,10,2,1,4,190,50,0,20,0,2,0,0,0,237
207,Gligar,2,,104,7,9,4,4,60,70,0,20,1,4,0,0,0,238
208,Steelix,2,95,41,4,2,1,4,25,50,0,25,1,2,1,0,0,104
209,Snubbull,2,,105,6,12,8,6,190,70,0,20,0,3,0,0,0,240
210,Granbull,2,209,105,7,6,8,6,75,70,0,20,0,3,0,0,0,241
211,Qwilfish,2,,106,4,3,7,4,45,50,0,20,0,2,0,0,0,242
212,Scizor,2,123,58,8,13,3,4,25,50,0,25,1,2,1,0,0,142
213,Shuckle,2,,107,10,14,4,4,190,50,0,20,0,4,0,0,0,243
214,Heracross,2,,108,2,12,2,4,45,50,0,25,1,1,1,0,0,244
215,Sneasel,2,,109,1,6,2,4,60,35,0,20,1,4,0,0,0,245
216,Teddiursa,2,,110,3,6,4,4,120,70,0,20,0,2,0,0,0,247
217,Ursaring,2,216,110,3,6,4,4,60,70,0,20,1,2,0,0,0,248
218,Slugma,2,,111,8,2,4,4,190,70,0,20,0,2,0,0,0,249
219,Magcargo,2,218,111,8,2,4,4,75,70,0,20,0,2,0,0,0,250
220,Swinub,2,,112,3,8,1,4,225,50,0,20,0,1,0,0,0,251
221,Piloswine,2,220,112,3,8,1,4,75,50,0,20,1,1,0,0,0,252
222,Corsola,2,,113,6,14,7,6,60,50,0,20,0,3,0,0,0,254
223,Remoraid,2,,114,4,3,7,4,190,50,0,20,0,2,0,0,0,255
224,Octillery,2,223,114,8,10,7,4,75,50,0,20,1,2,0,0,0,256
225,Delibird,2,,115,8,9,4,4,45,50,0,20,0,3,0,0,0,257
226,Mantine,2,458,116,7,9,7,4,25,50,0,25,0,1,0,0,0,259
227,Skarmory,2,,117,4,9,6,4,25,50,0,25,0,1,0,0,0,260
228,Houndour,2,,118,1,8,6,4,120,35,0,20,0,1,0,0,0,261
229,Houndoom,2,228,118,1,8,6,4,45,35,0,20,1,1,1,0,0,262
230,Kingdra,2,117,54,2,5,7,4,45,50,0,20,0,2,0,0,0,134
231,Phanpy,2,,119,2,8,6,4,120,70,0,20,0,2,0,0,0,263
232,Donphan,2,231,119,4,8,6,4,60,70,0,20,1,2,0,0,0,264
233,Porygon2,2,137,68,8,7,8,-1,45,50,0,20,0,2,0,0,0,167
234,Stantler,2,,120,3,8,2,4,45,70,0,20,0,1,0,0,0,265
235,Smeargle,2,,121,9,6,8,4,45,70,0,20,0,3,0,0,0,266
236,Tyrogue,2,,47,7,12,8,0,75,50,1,25,0,2,0,0,0,115
237,Hitmontop,2,236,47,3,6,8,0,45,50,0,25,0,2,0,0,0,118
238,Smoochum,2,,59,6,12,8,8,45,50,1,25,0,2,0,0,0,143
239,Elekid,2,,60,10,12,3,2,45,50,1,25,0,2,0,0,0,145
240,Magby,2,,61,8,6,4,2,45,50,1,25,0,2,0,0,0,148
241,Miltank,2,,122,6,6,3,8,45,50,0,20,0,1,0,0,0,267
242,Blissey,2,113,51,6,12,8,8,30,140,0,40,0,3,0,0,0,128
243,Raikou,2,,123,10,8,3,-1,3,35,0,80,0,1,0,1,0,268
244,Entei,2,,124,3,8,3,-1,3,35,0,80,0,1,0,1,0,269
245,Suicune,2,,125,2,8,3,-1,3,35,0,80,0,1,0,1,0,270
246,Larvitar,2,,126,5,6,4,4,45,35,0,40,0,1,0,0,0,271
247,Pupitar,2,246,126,4,2,4,4,45,35,0,40,0,1,0,0,0,272
248,Tyranitar,2,247,126,5,6,4,4,45,35,0,40,0,1,1,0,0,273
249,Lugia,2,,127,9,9,5,-1,3,0,0,120,0,1,0,1,0,274
250,"Ho Oh",2,,128,8,9,5,-1,3,0,0,120,0,1,0,1,0,275
251,Celebi,2,,129,5,12,2,-1,45,100,0,120,0,4,0,0,1,276
252,Treecko,3,,130,5,6,2,1,45,50,0,20,0,4,0,0,0,277
253,Grovyle,3,252,130,5,6,2,1,45,50,0,20,0,4,0,0,0,278
254,Sceptile,3,253,130,5,6,2,1,45,50,0,20,0,4,1,0,0,279
255,Torchic,3,,131,8,7,3,1,45,50,0,20,1,4,0,0,0,280
256,Combusken,3,255,131,8,6,3,1,45,50,0,20,1,4,0,0,0,281
257,Blaziken,3,256,131,8,6,3,1,45,50,0,20,1,4,1,0,0,282
258,Mudkip,3,,132,2,8,9,1,45,50,0,20,0,4,0,0,0,283
259,Marshtomp,3,258,132,2,6,9,1,45,50,0,20,0,4,0,0,0,284
260,Swampert,3,259,132,2,6,9,1,45,50,0,20,0,4,1,0,0,285
261,Poochyena,3,,133,4,8,3,4,255,70,0,15,0,2,0,0,0,286
262,Mightyena,3,261,133,4,8,3,4,127,70,0,15,0,2,0,0,0,287
263,Zigzagoon,3,,134,3,8,3,4,255,50,0,15,0,2,0,0,0,288
264,Linoone,3,263,134,9,8,3,4,90,50,0,15,0,2,0,0,0,289
265,Wurmple,3,,135,8,14,2,4,255,70,0,15,0,2,0,0,0,290
266,Silcoon,3,265,135,9,1,2,4,120,70,0,15,0,2,0,0,0,291
267,Beautifly,3,266,135,10,13,2,4,45,70,0,15,1,2,0,0,0,292
268,Cascoon,3,265,135,7,1,2,4,120,70,0,15,0,2,0,0,0,293
269,Dustox,3,268,135,5,13,2,4,45,70,0,15,1,2,0,0,0,294
270,Lotad,3,,136,5,14,9,4,255,50,0,15,0,4,0,0,0,295
271,Lombre,3,270,136,5,12,9,4,120,50,0,15,0,4,0,0,0,296
272,Ludicolo,3,271,136,5,12,9,4,45,50,0,15,1,4,0,0,0,297
273,Seedot,3,,137,3,7,2,4,255,50,0,15,0,4,0,0,0,298
274,Nuzleaf,3,273,137,3,12,2,4,120,50,0,15,1,4,0,0,0,299
275,Shiftry,3,274,137,3,12,2,4,45,50,0,15,1,4,0,0,0,300
276,Taillow,3,,138,2,9,3,4,200,70,0,15,0,4,0,0,0,301
277,Swellow,3,276,138,2,9,3,4,45,70,0,15,0,4,0,0,0,302
278,Wingull,3,,139,9,9,7,4,190,50,0,20,0,2,0,0,0,303
279,Pelipper,3,278,139,10,9,7,4,45,50,0,20,0,2,0,0,0,304
280,Ralts,3,,140,9,12,8,4,235,35,0,20,0,1,0,0,0,305
281,Kirlia,3,280,140,9,12,8,4,120,35,0,20,0,1,0,0,0,306
282,Gardevoir,3,281,140,9,12,8,4,45,35,0,20,0,1,1,0,0,307
283,Surskit,3,,141,2,14,9,4,200,70,0,15,0,2,0,0,0,309
284,Masquerain,3,283,141,2,13,9,4,75,70,0,15,0,2,0,0,0,310
285,Shroomish,3,,142,3,7,2,4,255,70,0,15,0,6,0,0,0,311
286,Breloom,3,285,142,5,6,2,4,90,70,0,15,0,6,0,0,0,312
287,Slakoth,3,,143,3,8,2,4,255,70,0,15,0,1,0,0,0,313
288,Vigoroth,3,287,143,9,6,2,4,120,70,0,15,0,1,0,0,0,314
289,Slaking,3,288,143,3,12,2,4,45,70,0,15,0,1,0,0,0,315
290,Nincada,3,,144,4,14,2,4,255,50,0,15,0,5,0,0,0,316
291,Ninjask,3,290,144,10,13,2,4,120,50,0,15,0,5,0,0,0,317
292,Shedinja,3,290,144,3,5,2,-1,45,50,0,15,0,5,0,0,0,318
293,Whismur,3,,145,6,6,1,4,190,50,0,20,0,4,0,0,0,319
294,Loudred,3,293,145,2,6,1,4,120,50,0,20,0,4,0,0,0,320
295,Exploud,3,294,145,2,6,1,4,45,50,0,20,0,4,0,0,0,321
296,Makuhita,3,,146,10,12,4,2,180,70,0,20,0,6,0,0,0,322
297,Hariyama,3,296,146,3,12,4,2,200,70,0,20,0,6,0,0,0,323
298,Azurill,3,,90,2,7,9,6,150,50,1,10,0,3,0,0,0,211
299,Nosepass,3,,147,4,12,1,4,255,70,0,20,0,2,0,0,0,324
300,Skitty,3,,148,6,8,2,6,255,70,0,15,0,3,0,0,0,326
301,Delcatty,3,300,148,7,8,2,6,60,70,0,15,0,3,0,0,0,327
302,Sableye,3,,149,7,12,1,4,45,35,0,25,0,4,1,0,0,328
303,Mawile,3,,150,1,12,1,4,45,50,0,20,0,3,1,0,0,329
304,Aron,3,,151,4,8,4,4,180,35,0,35,0,1,0,0,0,330
305,Lairon,3,304,151,4,8,4,4,90,35,0,35,0,1,0,0,0,331
306,Aggron,3,305,151,4,6,4,4,45,35,0,35,0,1,1,0,0,332
307,Meditite,3,,152,2,12,4,4,180,70,0,20,1,2,0,0,0,333
308,Medicham,3,307,152,8,12,4,4,90,70,0,20,1,2,1,0,0,334
309,Electrike,3,,153,5,8,3,4,120,50,0,20,0,1,0,0,0,335
310,Manectric,3,309,153,10,8,3,4,45,50,0,20,0,1,1,0,0,336
311,Plusle,3,,154,10,6,3,4,200,70,0,20,0,2,0,0,0,337
312,Minun,3,,155,10,6,3,4,200,70,0,20,0,2,0,0,0,338
313,Volbeat,3,,156,4,6,2,0,150,70,0,15,0,5,0,0,0,339
314,Illumise,3,,157,7,12,2,8,150,70,0,15,0,6,0,0,0,340
315,Roselia,3,406,158,5,12,3,4,150,50,0,20,1,4,0,0,0,342
316,Gulpin,3,,159,5,4,3,4,225,70,0,20,1,6,0,0,0,344
317,Swalot,3,316,159,7,4,3,4,75,70,0,20,1,6,0,0,0,345
318,Carvanha,3,,160,8,3,7,4,225,35,0,20,0,1,0,0,0,346
319,Sharpedo,3,318,160,2,3,7,4,60,35,0,20,0,1,1,0,0,347
320,Wailmer,3,,161,2,3,7,4,125,50,0,40,0,6,0,0,0,348
321,Wailord,3,320,161,2,3,7,4,60,50,0,40,0,6,0,0,0,349
322,Numel,3,,162,10,8,4,4,255,70,0,20,1,2,0,0,0,350
323,Camerupt,3,322,162,8,8,4,4,150,70,0,20,1,2,1,0,0,351
324,Torkoal,3,,163,3,8,4,4,90,50,0,20,0,2,0,0,0,352
325,Spoink,3,,164,1,4,4,4,255,70,0,20,0,3,0,0,0,353
326,Grumpig,3,325,164,7,6,4,4,60,70,0,20,0,3,0,0,0,354
327,Spinda,3,,165,3,6,4,4,255,70,0,15,0,3,0,0,0,355
328,Trapinch,3,,166,3,14,6,4,255,50,0,20,0,4,0,0,0,356
329,Vibrava,3,328,166,5,13,6,4,120,50,0,20,0,4,0,0,0,357
330,Flygon,3,329,166,5,9,6,4,45,50,0,20,0,4,0,0,0,358
331,Cacnea,3,,167,5,12,6,4,190,35,0,20,0,4,0,0,0,359
332,Cacturne,3,331,167,5,12,6,4,60,35,0,20,1,4,0,0,0,360
333,Swablu,3,,168,2,9,2,4,255,50,0,20,0,5,0,0,0,361
334,Altaria,3,333,168,2,9,2,4,45,50,0,20,0,5,1,0,0,362
335,Zangoose,3,,169,9,6,3,4,90,70,0,20,0,5,0,0,0,363
336,Seviper,3,,170,1,2,3,4,90,70,0,20,0,6,0,0,0,364
337,Lunatone,3,,171,10,1,1,-1,45,50,0,25,0,3,0,0,0,365
338,Solrock,3,,172,8,1,1,-1,45,50,0,25,0,3,0,0,0,366
339,Barboach,3,,173,4,3,9,4,190,50,0,20,0,2,0,0,0,367
340,Whiscash,3,339,173,2,3,9,4,75,50,0,20,0,2,0,0,0,368
341,Corphish,3,,174,8,14,9,4,205,50,0,15,0,6,0,0,0,369
342,Crawdaunt,3,341,174,8,14,9,4,155,50,0,15,0,6,0,0,0,370
343,Baltoy,3,,175,3,4,6,-1,255,50,0,20,0,2,0,0,0,371
344,Claydol,3,343,175,1,4,6,-1,90,50,0,20,0,2,0,0,0,372
345,Lileep,3,,176,7,5,7,1,45,50,0,30,0,5,0,0,0,373
346,Cradily,3,345,176,5,5,7,1,45,50,0,30,0,5,0,0,0,374
347,Anorith,3,,177,4,14,9,1,45,50,0,30,0,5,0,0,0,375
348,Armaldo,3,347,177,4,6,9,1,45,50,0,30,0,5,0,0,0,376
349,Feebas,3,,178,3,3,9,4,255,50,0,20,0,5,0,0,0,377
350,Milotic,3,349,178,6,2,9,4,60,50,0,20,1,5,0,0,0,378
351,Castform,3,,179,4,1,3,4,45,70,0,25,0,2,1,0,0,379
352,Kecleon,3,,180,5,6,2,4,200,70,0,20,0,4,0,0,0,380
353,Shuppet,3,,181,1,1,8,4,225,35,0,25,0,3,0,0,0,381
354,Banette,3,353,181,1,6,8,4,45,35,0,25,0,3,1,0,0,382
355,Duskull,3,,182,1,4,2,4,190,35,0,25,0,3,0,0,0,383
356,Dusclops,3,355,182,1,12,2,4,90,35,0,25,0,3,0,0,0,384
357,Tropius,3,,183,5,8,2,4,200,70,0,25,0,1,0,0,0,386
358,Chimecho,3,433,184,2,4,3,4,45,70,0,25,0,3,0,0,0,388
359,Absol,3,,185,9,8,4,4,30,35,0,25,0,4,1,0,0,389
360,Wynaut,3,,100,2,6,1,4,125,50,1,20,0,2,0,0,0,232
361,Snorunt,3,,186,4,12,1,4,190,50,0,20,0,2,0,0,0,390
362,Glalie,3,361,186,4,1,1,4,75,50,0,20,0,2,1,0,0,391
363,Spheal,3,,187,2,3,7,4,255,50,0,20,0,4,0,0,0,393
364,Sealeo,3,363,187,2,3,7,4,120,50,0,20,0,4,0,0,0,394
365,Walrein,3,364,187,2,8,7,4,45,50,0,20,0,4,0,0,0,395
366,Clamperl,3,,188,2,1,7,4,255,70,0,20,0,5,0,0,0,396
367,Huntail,3,366,188,2,2,7,4,60,70,0,20,0,5,0,0,0,397
368,Gorebyss,3,366,188,6,2,7,4,60,70,0,20,0,5,0,0,0,398
369,Relicanth,3,,189,4,3,7,1,25,50,0,40,1,1,0,0,0,399
370,Luvdisc,3,,190,6,3,7,6,225,70,0,20,0,3,0,0,0,400
371,Bagon,3,,191,2,12,6,4,45,35,0,40,0,1,0,0,0,401
372,Shelgon,3,371,191,9,8,6,4,45,35,0,40,0,1,0,0,0,402
373,Salamence,3,372,191,2,8,6,4,45,35,0,40,0,1,1,0,0,403
374,Beldum,3,,192,2,5,6,-1,3,35,0,40,0,1,0,0,0,404
375,Metang,3,374,192,2,4,6,-1,3,35,0,40,0,1,0,0,0,405
376,Metagross,3,375,192,2,11,6,-1,3,35,0,40,0,1,1,0,0,406
377,Regirock,3,,193,3,12,1,-1,3,35,0,80,0,1,0,1,0,407
378,Regice,3,,194,2,12,1,-1,3,35,0,80,0,1,0,1,0,408
379,Registeel,3,,195,4,12,1,-1,3,35,0,80,0,1,0,1,0,409
380,Latias,3,,196,8,9,9,8,3,90,0,120,0,1,1,1,0,410
381,Latios,3,,197,2,9,9,0,3,90,0,120,0,1,1,1,0,411
382,Kyogre,3,,198,2,3,7,-1,3,0,0,120,0,1,1,1,0,412
383,Groudon,3,,199,8,6,6,-1,3,0,0,120,0,1,1,1,0,413
384,Rayquaza,3,,200,5,2,5,-1,45,0,0,120,0,1,1,1,0,414
385,Jirachi,3,,201,10,12,4,-1,3,100,0,120,0,1,0,0,1,415
386,Deoxys,3,,202,8,12,5,-1,3,0,0,120,0,1,1,0,1,416
387,Turtwig,4,,203,5,8,,1,45,70,0,20,0,4,0,0,0,417
388,Grotle,4,387,203,5,8,,1,45,70,0,20,0,4,0,0,0,418
389,Torterra,4,388,203,5,8,,1,45,70,0,20,0,4,0,0,0,419
390,Chimchar,4,,204,3,6,,1,45,70,0,20,0,4,0,0,0,420
391,Monferno,4,390,204,3,6,,1,45,70,0,20,0,4,0,0,0,421
392,Infernape,4,391,204,3,6,,1,45,70,0,20,0,4,0,0,0,422
393,Piplup,4,,205,2,12,,1,45,70,0,20,0,4,0,0,0,423
394,Prinplup,4,393,205,2,6,,1,45,70,0,20,0,4,0,0,0,424
395,Empoleon,4,394,205,2,6,,1,45,70,0,20,0,4,0,0,0,425
396,Starly,4,,206,3,9,,4,255,70,0,15,1,4,0,0,0,426
397,Staravia,4,396,206,3,9,,4,120,70,0,15,1,4,0,0,0,427
398,Staraptor,4,397,206,3,9,,4,45,70,0,15,1,4,0,0,0,428
399,Bidoof,4,,207,3,8,,4,255,70,0,15,1,2,0,0,0,429
400,Bibarel,4,399,207,3,6,,4,127,70,0,15,1,2,0,0,0,430
401,Kricketot,4,,208,8,12,,4,255,70,0,15,1,4,0,0,0,431
402,Kricketune,4,401,208,8,13,,4,45,70,0,15,1,4,0,0,0,432
403,Shinx,4,,209,2,8,,4,235,50,0,20,1,4,0,0,0,433
404,Luxio,4,403,209,2,8,,4,120,100,0,20,1,4,0,0,0,434
405,Luxray,4,404,209,2,8,,4,45,50,0,20,1,4,0,0,0,435
406,Budew,4,,158,5,12,,4,255,50,1,20,0,4,0,0,0,341
407,Roserade,4,315,158,5,12,,4,75,50,0,20,1,4,0,0,0,343
408,Cranidos,4,,211,2,6,,1,45,70,0,30,0,5,0,0,0,436
409,Rampardos,4,408,211,2,6,,1,45,70,0,30,0,5,0,0,0,437
410,Shieldon,4,,212,4,8,,1,45,70,0,30,0,5,0,0,0,438
411,Bastiodon,4,410,212,4,8,,1,45,70,0,30,0,5,0,0,0,439
412,Burmy,4,,213,5,5,,4,120,70,0,15,0,2,1,0,0,440
413,Wormadam,4,412,213,5,5,,8,45,70,0,15,0,2,0,0,0,441
414,Mothim,4,412,213,10,13,,0,45,70,0,15,0,2,0,0,0,442
415,Combee,4,,214,10,11,,1,120,50,0,15,1,4,0,0,0,443
416,Vespiquen,4,415,214,10,13,,8,45,50,0,15,0,4,0,0,0,444
417,Pachirisu,4,,215,9,8,,4,200,100,0,10,1,2,0,0,0,445
418,Buizel,4,,216,3,8,,4,190,70,0,20,1,2,0,0,0,446
419,Floatzel,4,418,216,3,8,,4,75,70,0,20,1,2,0,0,0,447
420,Cherubi,4,,217,6,11,,4,190,50,0,20,0,2,0,0,0,448
421,Cherrim,4,420,217,7,7,,4,75,50,0,20,0,2,1,0,0,449
422,Shellos,4,,218,7,2,,4,190,50,0,20,0,2,0,0,0,450
423,Gastrodon,4,422,218,7,2,,4,75,50,0,20,0,2,0,0,0,451
424,Ambipom,4,190,93,7,6,,4,45,100,0,20,1,3,0,0,0,220
425,Drifloon,4,,219,7,4,,4,125,50,0,30,0,6,0,0,0,452
426,Drifblim,4,425,219,7,4,,4,60,50,0,30,0,6,0,0,0,453
427,Buneary,4,,220,3,6,,4,190,0,0,20,0,2,0,0,0,454
428,Lopunny,4,427,220,3,6,,4,60,140,0,20,0,2,1,0,0,455
429,Mismagius,4,200,98,7,1,,4,45,35,0,25,0,3,0,0,0,230
430,Honchkrow,4,198,97,1,9,,4,30,35,0,20,0,4,0,0,0,228
431,Glameow,4,,221,4,8,,6,190,70,0,20,0,3,0,0,0,456
432,Purugly,4,431,221,4,8,,6,75,70,0,20,0,3,0,0,0,457
433,Chingling,4,,184,10,12,,4,120,70,1,25,0,3,0,0,0,387
434,Stunky,4,,223,7,8,,4,225,50,0,20,0,2,0,0,0,458
435,Skuntank,4,434,223,7,8,,4,60,50,0,20,0,2,0,0,0,459
436,Bronzor,4,,224,5,1,,-1,255,50,0,20,0,2,0,0,0,460
437,Bronzong,4,436,224,5,4,,-1,90,50,0,20,0,2,0,0,0,461
438,Bonsly,4,,91,3,7,,4,255,50,1,20,0,2,0,0,0,214
439,"Mime Jr",4,,57,6,12,,4,145,50,1,25,0,2,0,0,0,139
440,Happiny,4,,51,6,12,,8,130,140,1,40,0,3,0,0,0,126
441,Chatot,4,,228,1,9,,4,30,35,0,20,0,4,0,0,0,462
442,Spiritomb,4,,229,7,5,,4,100,50,0,30,0,2,0,0,0,463
443,Gible,4,,230,2,6,,4,45,50,0,40,1,1,0,0,0,464
444,Gabite,4,443,230,2,6,,4,45,50,0,40,1,1,0,0,0,465
445,Garchomp,4,444,230,2,6,,4,45,50,0,40,1,1,1,0,0,466
446,Munchlax,4,,72,1,12,,1,50,50,1,40,0,1,0,0,0,174
447,Riolu,4,,232,2,6,,1,75,50,1,25,0,4,0,0,0,467
448,Lucario,4,447,232,2,6,,1,45,50,0,25,0,4,1,0,0,468
449,Hippopotas,4,,233,3,8,,4,140,50,0,30,1,1,0,0,0,469
450,Hippowdon,4,449,233,3,8,,4,60,50,0,30,1,1,0,0,0,470
451,Skorupi,4,,234,7,14,,4,120,50,0,20,0,1,0,0,0,471
452,Drapion,4,451,234,7,14,,4,45,50,0,20,0,1,0,0,0,472
453,Croagunk,4,,235,2,12,,4,140,100,0,10,1,2,0,0,0,473
454,Toxicroak,4,453,235,2,12,,4,75,50,0,20,1,2,0,0,0,474
455,Carnivine,4,,236,5,10,,4,200,70,0,25,0,1,0,0,0,475
456,Finneon,4,,237,2,3,,4,190,70,0,20,1,5,0,0,0,476
457,Lumineon,4,456,237,2,3,,4,75,70,0,20,1,5,0,0,0,477
458,Mantyke,4,,116,2,9,,4,25,50,1,25,0,1,0,0,0,258
459,Snover,4,,239,9,6,,4,120,50,0,20,1,1,0,0,0,478
460,Abomasnow,4,459,239,9,6,,4,60,50,0,20,1,1,1,0,0,479
461,Weavile,4,215,109,1,6,,4,45,35,0,20,1,4,0,0,0,246
462,Magnezone,4,82,34,4,4,,-1,30,50,0,20,0,2,0,0,0,90
463,Lickilicky,4,108,48,6,12,,4,30,50,0,20,0,2,0,0,0,120
464,Rhyperior,4,112,50,4,6,,4,30,50,0,20,1,1,0,0,0,125
465,Tangrowth,4,114,52,2,12,,4,30,50,0,20,1,2,0,0,0,130
466,Electivire,4,125,60,10,6,,2,30,50,0,25,0,2,0,0,0,147
467,Magmortar,4,126,61,8,6,,2,30,50,0,25,0,2,0,0,0,150
468,Togekiss,4,176,87,9,9,,1,30,50,0,10,0,3,0,0,0,205
469,Yanmega,4,193,95,5,13,,4,30,70,0,20,0,2,0,0,0,224
470,Leafeon,4,133,67,5,8,,1,45,35,0,35,0,2,0,0,0,163
471,Glaceon,4,133,67,2,8,,1,45,35,0,35,0,2,0,0,0,164
472,Gliscor,4,207,104,7,9,,4,30,70,0,20,0,4,0,0,0,239
473,Mamoswine,4,221,112,3,8,,4,50,50,0,20,1,1,0,0,0,253
474,"Porygon Z",4,233,68,8,4,,-1,30,50,0,20,0,2,0,0,0,168
475,Gallade,4,281,140,9,12,,0,45,35,0,20,0,1,1,0,0,308
476,Probopass,4,299,147,4,11,,4,60,70,0,20,0,2,0,0,0,325
477,Dusknoir,4,356,182,1,4,,4,45,35,0,25,0,3,0,0,0,385
478,Froslass,4,361,186,9,4,,8,75,50,0,20,0,2,0,0,0,392
479,Rotom,4,,240,8,1,,-1,45,50,0,20,0,2,1,0,0,480
480,Uxie,4,,241,10,6,,-1,3,140,0,80,0,1,0,1,0,481
481,Mesprit,4,,242,6,6,,-1,3,140,0,80,0,1,0,1,0,482
482,Azelf,4,,243,2,6,,-1,3,140,0,80,0,1,0,1,0,483
483,Dialga,4,,244,9,8,,-1,3,0,0,120,0,1,0,1,0,484
484,Palkia,4,,245,7,6,,-1,3,0,0,120,0,1,0,1,0,485
485,Heatran,4,,246,3,8,,4,3,100,0,10,0,1,0,1,0,486
486,Regigigas,4,,247,9,12,,-1,3,0,0,120,0,1,0,1,0,487
487,Giratina,4,,248,1,10,,-1,3,0,0,120,0,1,1,1,0,488
488,Cresselia,4,,249,10,2,,8,3,100,0,120,0,1,0,1,0,489
489,Phione,4,,250,2,4,,-1,30,70,0,40,0,1,0,0,1,490
490,Manaphy,4,,250,2,12,,-1,3,70,0,10,0,1,0,0,1,491
491,Darkrai,4,,252,1,12,,-1,3,0,0,120,0,1,0,0,1,492
492,Shaymin,4,,253,5,8,,-1,45,100,0,120,0,4,1,0,1,493
493,Arceus,4,,254,9,8,,-1,3,0,0,120,0,1,1,0,1,494
494,Victini,5,,255,10,12,,-1,3,100,0,120,0,1,0,0,1,495
495,Snivy,5,,256,5,6,,1,45,70,0,20,0,4,0,0,0,496
496,Servine,5,495,256,5,6,,1,45,70,0,20,0,4,0,0,0,497
497,Serperior,5,496,256,5,2,,1,45,70,0,20,0,4,0,0,0,498
498,Tepig,5,,257,8,8,,1,45,70,0,20,0,4,0,0,0,499
499,Pignite,5,498,257,8,6,,1,45,70,0,20,0,4,0,0,0,500
500,Emboar,5,499,257,8,6,,1,45,70,0,20,0,4,0,0,0,501
501,Oshawott,5,,258,2,6,,1,45,70,0,20,0,4,0,0,0,502
502,Dewott,5,501,258,2,6,,1,45,70,0,20,0,4,0,0,0,503
503,Samurott,5,502,258,2,8,,1,45,70,0,20,0,4,0,0,0,504
504,Patrat,5,,259,3,8,,4,255,70,0,15,0,2,0,0,0,505
505,Watchog,5,504,259,3,6,,4,255,70,0,20,0,2,0,0,0,506
506,Lillipup,5,,260,3,8,,4,255,50,0,15,0,4,0,0,0,507
507,Herdier,5,506,260,4,8,,4,120,50,0,15,0,4,0,0,0,508
508,Stoutland,5,507,260,4,8,,4,45,50,0,15,0,4,0,0,0,509
509,Purrloin,5,,261,7,8,,4,255,50,0,20,0,2,0,0,0,510
510,Liepard,5,509,261,7,8,,4,90,50,0,20,0,2,0,0,0,511
511,Pansage,5,,262,5,6,,1,190,70,0,20,0,2,0,0,0,512
512,Simisage,5,511,262,5,6,,1,75,70,0,20,0,2,0,0,0,513
513,Pansear,5,,263,8,6,,1,190,70,0,20,0,2,0,0,0,514
514,Simisear,5,513,263,8,6,,1,75,70,0,20,0,2,0,0,0,515
515,Panpour,5,,264,2,6,,1,190,70,0,20,0,2,0,0,0,516
516,Simipour,5,515,264,2,6,,1,75,70,0,20,0,2,0,0,0,517
517,Munna,5,,265,6,8,,4,190,50,0,10,0,3,0,0,0,518
518,Musharna,5,517,265,6,12,,4,75,50,0,10,0,3,0,0,0,519
519,Pidove,5,,266,4,9,,4,255,50,0,15,0,4,0,0,0,520
520,Tranquill,5,519,266,4,9,,4,120,50,0,15,0,4,0,0,0,521
521,Unfezant,5,520,266,4,9,,4,45,50,0,15,1,4,0,0,0,522
522,Blitzle,5,,267,1,8,,4,190,70,0,20,0,2,0,0,0,523
523,Zebstrika,5,522,267,1,8,,4,75,70,0,20,0,2,0,0,0,524
524,Roggenrola,5,,268,2,7,,4,255,50,0,15,0,4,0,0,0,525
525,Boldore,5,524,268,2,10,,4,120,50,0,15,0,4,0,0,0,526
526,Gigalith,5,525,268,2,10,,4,45,50,0,15,0,4,0,0,0,527
527,Woobat,5,,269,2,9,,4,190,50,0,15,0,2,0,0,0,528
528,Swoobat,5,527,269,2,9,,4,45,50,0,15,0,2,0,0,0,529
529,Drilbur,5,,270,4,6,,4,120,50,0,20,0,2,0,0,0,530
530,Excadrill,5,529,270,4,12,,4,60,50,0,20,0,2,0,0,0,531
531,Audino,5,,271,6,6,,4,255,50,0,20,0,3,1,0,0,532
532,Timburr,5,,272,4,12,,2,180,70,0,20,0,4,0,0,0,533
533,Gurdurr,5,532,272,4,12,,2,90,50,0,20,0,4,0,0,0,534
534,Conkeldurr,5,533,272,3,12,,2,45,50,0,20,0,4,0,0,0,535
535,Tympole,5,,273,2,3,,4,255,50,0,20,0,4,0,0,0,536
536,Palpitoad,5,535,273,2,6,,4,120,50,0,20,0,4,0,0,0,537
537,Seismitoad,5,536,273,2,12,,4,45,50,0,20,0,4,0,0,0,538
538,Throh,5,,274,8,12,,0,45,50,0,20,0,2,0,0,0,539
539,Sawk,5,,275,2,12,,0,45,50,0,20,0,2,0,0,0,540
540,Sewaddle,5,,276,10,14,,4,255,70,0,15,0,4,0,0,0,541
541,Swadloon,5,540,276,5,4,,4,120,70,0,15,0,4,0,0,0,542
542,Leavanny,5,541,276,10,12,,4,45,70,0,15,0,4,0,0,0,543
543,Venipede,5,,277,8,14,,4,255,50,0,15,0,4,0,0,0,544
544,Whirlipede,5,543,277,4,1,,4,120,50,0,15,0,4,0,0,0,545
545,Scolipede,5,544,277,8,14,,4,45,50,0,20,0,4,0,0,0,546
546,Cottonee,5,,278,5,1,,4,190,50,0,20,0,2,0,0,0,547
547,Whimsicott,5,546,278,5,12,,4,75,50,0,20,0,2,0,0,0,548
548,Petilil,5,,279,5,5,,8,190,50,0,20,0,2,0,0,0,549
549,Lilligant,5,548,279,5,5,,8,75,50,0,20,0,2,0,0,0,550
550,Basculin,5,,280,5,3,,4,25,50,0,40,0,2,0,0,0,551
551,Sandile,5,,281,3,8,,4,180,50,0,20,0,4,0,0,0,552
552,Krokorok,5,551,281,3,8,,4,90,50,0,20,0,4,0,0,0,553
553,Krookodile,5,552,281,8,6,,4,45,50,0,20,0,4,0,0,0,554
554,Darumaka,5,,282,8,12,,4,120,50,0,20,0,4,0,0,0,555
555,Darmanitan,5,554,282,8,8,,4,60,50,0,20,0,4,1,0,0,556
556,Maractus,5,,283,5,5,,4,255,50,0,20,0,2,0,0,0,557
557,Dwebble,5,,284,8,14,,4,190,50,0,20,0,2,0,0,0,558
558,Crustle,5,557,284,8,14,,4,75,50,0,20,0,2,0,0,0,559
559,Scraggy,5,,285,10,6,,4,180,35,0,15,0,2,0,0,0,560
560,Scrafty,5,559,285,8,6,,4,90,50,0,15,0,2,0,0,0,561
561,Sigilyph,5,,286,1,9,,4,45,50,0,20,0,2,0,0,0,562
562,Yamask,5,,287,1,4,,4,190,50,0,25,0,2,0,0,0,563
563,Cofagrigus,5,562,287,10,5,,4,90,50,0,25,0,2,0,0,0,564
564,Tirtouga,5,,288,2,8,,1,45,50,0,30,0,2,0,0,0,565
565,Carracosta,5,564,288,2,6,,1,45,50,0,30,0,2,0,0,0,566
566,Archen,5,,289,10,9,,1,45,50,0,30,0,2,0,0,0,567
567,Archeops,5,566,289,10,9,,1,45,50,0,30,0,2,0,0,0,568
568,Trubbish,5,,290,5,12,,4,190,50,0,20,0,2,0,0,0,569
569,Garbodor,5,568,290,5,12,,4,60,50,0,20,0,2,0,0,0,570
570,Zorua,5,,291,4,8,,1,75,50,0,25,0,4,0,0,0,571
571,Zoroark,5,570,291,4,6,,1,45,50,0,20,0,4,0,0,0,572
572,Minccino,5,,292,4,8,,6,255,50,0,15,0,3,0,0,0,573
573,Cinccino,5,572,292,4,8,,6,60,50,0,15,0,3,0,0,0,574
574,Gothita,5,,293,7,12,,6,200,50,0,20,0,4,0,0,0,575
575,Gothorita,5,574,293,7,12,,6,100,50,0,20,0,4,0,0,0,576
576,Gothitelle,5,575,293,7,12,,6,50,50,0,20,0,4,0,0,0,577
577,Solosis,5,,294,5,1,,4,200,50,0,20,0,4,0,0,0,578
578,Duosion,5,577,294,5,1,,4,100,50,0,20,0,4,0,0,0,579
579,Reuniclus,5,578,294,5,4,,4,50,50,0,20,0,4,0,0,0,580
580,Ducklett,5,,295,2,9,,4,190,70,0,20,0,2,0,0,0,581
581,Swanna,5,580,295,9,9,,4,45,70,0,20,0,2,0,0,0,582
582,Vanillite,5,,296,9,5,,4,255,50,0,20,0,1,0,0,0,583
583,Vanillish,5,582,296,9,5,,4,120,50,0,20,0,1,0,0,0,584
584,Vanilluxe,5,583,296,9,11,,4,45,50,0,20,0,1,0,0,0,585
585,Deerling,5,,297,6,8,,4,190,70,0,20,0,2,1,0,0,586
586,Sawsbuck,5,585,297,3,8,,4,75,70,0,20,0,2,1,0,0,587
587,Emolga,5,,298,9,8,,4,200,50,0,20,0,2,0,0,0,588
588,Karrablast,5,,299,2,12,,4,200,50,0,15,0,2,0,0,0,589
589,Escavalier,5,588,299,4,4,,4,75,50,0,15,0,2,0,0,0,590
590,Foongus,5,,300,9,4,,4,190,50,0,20,0,2,0,0,0,591
591,Amoonguss,5,590,300,9,4,,4,75,50,0,20,0,2,0,0,0,592
592,Frillish,5,,301,9,10,,4,190,50,0,20,1,2,0,0,0,593
593,Jellicent,5,592,301,9,10,,4,60,50,0,20,1,2,0,0,0,594
594,Alomomola,5,,302,6,3,,4,75,70,0,40,0,3,0,0,0,595
595,Joltik,5,,303,10,14,,4,190,50,0,20,0,2,0,0,0,596
596,Galvantula,5,595,303,10,14,,4,75,50,0,20,0,2,0,0,0,597
597,Ferroseed,5,,304,4,1,,4,255,50,0,20,0,2,0,0,0,598
598,Ferrothorn,5,597,304,4,10,,4,90,50,0,20,0,2,0,0,0,599
599,Klink,5,,305,4,11,,-1,130,50,0,20,0,4,0,0,0,600
600,Klang,5,599,305,4,11,,-1,60,50,0,20,0,4,0,0,0,601
601,Klinklang,5,600,305,4,11,,-1,30,50,0,20,0,4,0,0,0,602
602,Tynamo,5,,306,9,3,,4,190,70,0,20,0,1,0,0,0,603
603,Eelektrik,5,602,306,2,3,,4,60,70,0,20,0,1,0,0,0,604
604,Eelektross,5,603,306,2,3,,4,30,70,0,20,0,1,0,0,0,605
605,Elgyem,5,,307,2,6,,4,255,50,0,20,0,2,0,0,0,606
606,Beheeyem,5,605,307,3,12,,4,90,50,0,20,0,2,0,0,0,607
607,Litwick,5,,308,9,5,,4,190,50,0,20,0,4,0,0,0,608
608,Lampent,5,607,308,1,4,,4,90,50,0,20,0,4,0,0,0,609
609,Chandelure,5,608,308,1,4,,4,45,50,0,20,0,4,0,0,0,610
610,Axew,5,,309,5,6,,4,75,35,0,40,0,1,0,0,0,611
611,Fraxure,5,610,309,5,6,,4,60,35,0,40,0,1,0,0,0,612
612,Haxorus,5,611,309,10,6,,4,45,35,0,40,0,1,0,0,0,613
613,Cubchoo,5,,310,9,6,,4,120,50,0,20,0,2,0,0,0,614
614,Beartic,5,613,310,9,8,,4,60,50,0,20,0,2,0,0,0,615
615,Cryogonal,5,,311,2,1,,-1,25,50,0,25,0,2,0,0,0,616
616,Shelmet,5,,312,8,1,,4,200,50,0,15,0,2,0,0,0,617
617,Accelgor,5,616,312,8,4,,4,75,50,0,15,0,2,0,0,0,618
618,Stunfisk,5,,313,3,3,,4,75,70,0,20,0,2,0,0,0,619
619,Mienfoo,5,,314,10,6,,4,180,50,0,25,0,4,0,0,0,620
620,Mienshao,5,619,314,7,6,,4,45,50,0,25,0,4,0,0,0,621
621,Druddigon,5,,315,8,6,,4,45,50,0,30,0,2,0,0,0,622
622,Golett,5,,316,5,12,,-1,190,50,0,25,0,2,0,0,0,623
623,Golurk,5,622,316,5,12,,-1,90,50,0,25,0,2,0,0,0,624
624,Pawniard,5,,317,8,12,,4,120,35,0,20,0,2,0,0,0,625
625,Bisharp,5,624,317,8,12,,4,45,35,0,20,0,2,0,0,0,626
626,Bouffalant,5,,318,3,8,,4,45,50,0,20,0,2,0,0,0,627
627,Rufflet,5,,319,9,9,,0,190,50,0,20,0,1,0,0,0,628
628,Braviary,5,627,319,8,9,,0,60,50,0,20,0,1,0,0,0,629
629,Vullaby,5,,320,3,9,,8,190,35,0,20,0,1,0,0,0,630
630,Mandibuzz,5,629,320,3,9,,8,60,35,0,20,0,1,0,0,0,631
631,Heatmor,5,,321,8,6,,4,90,50,0,20,0,2,0,0,0,632
632,Durant,5,,322,4,14,,4,90,50,0,20,0,2,0,0,0,633
633,Deino,5,,323,2,8,,4,45,35,0,40,0,1,0,0,0,634
634,Zweilous,5,633,323,2,8,,4,45,35,0,40,0,1,0,0,0,635
635,Hydreigon,5,634,323,2,6,,4,45,35,0,40,0,1,0,0,0,636
636,Larvesta,5,,324,9,14,,4,45,50,0,40,0,1,0,0,0,637
637,Volcarona,5,636,324,9,13,,4,15,50,0,40,0,1,0,0,0,638
638,Cobalion,5,,325,2,8,,-1,3,35,0,80,0,1,0,1,0,639
639,Terrakion,5,,326,4,8,,-1,3,35,0,80,0,1,0,1,0,640
640,Virizion,5,,327,5,8,,-1,3,35,0,80,0,1,0,1,0,641
641,Tornadus,5,,328,5,4,,0,3,90,0,120,0,1,1,1,0,642
642,Thundurus,5,,329,2,4,,0,3,90,0,120,0,1,1,1,0,643
643,Reshiram,5,,330,9,9,,-1,3,0,0,120,0,1,0,1,0,644
644,Zekrom,5,,331,1,6,,-1,3,0,0,120,0,1,0,1,0,645
645,Landorus,5,,332,3,4,,0,3,90,0,120,0,1,1,1,0,646
646,Kyurem,5,,333,4,6,,-1,3,0,0,120,0,1,1,1,0,647
647,Keldeo,5,,334,10,8,,-1,3,35,0,80,0,1,1,0,1,648
648,Meloetta,5,,335,9,12,,-1,3,100,0,120,0,1,1,0,1,649
649,Genesect,5,,336,7,12,,-1,3,0,0,120,0,1,1,0,1,650
650,Chespin,6,,337,5,6,,1,45,70,0,20,0,4,0,0,0,651
651,Quilladin,6,650,337,5,6,,1,45,70,0,20,0,4,0,0,0,652
652,Chesnaught,6,651,337,5,6,,1,45,70,0,20,0,4,0,0,0,653
653,Fennekin,6,,338,8,8,,1,45,70,0,20,0,4,0,0,0,654
654,Braixen,6,653,338,8,6,,1,45,70,0,20,0,4,0,0,0,655
655,Delphox,6,654,338,8,6,,1,45,70,0,20,0,4,0,0,0,656
656,Froakie,6,,339,2,8,,1,45,70,0,20,0,4,0,0,0,657
657,Frogadier,6,656,339,2,12,,1,45,70,0,20,0,4,0,0,0,658
658,Greninja,6,657,339,2,12,,1,45,70,0,20,0,4,0,0,0,659
659,Bunnelby,6,,340,3,6,,4,255,50,0,15,0,2,0,0,0,660
660,Diggersby,6,659,340,3,6,,4,127,50,0,15,0,2,0,0,0,661
661,Fletchling,6,,341,8,9,,4,255,50,0,15,0,4,0,0,0,662
662,Fletchinder,6,661,341,8,9,,4,120,50,0,15,0,4,0,0,0,663
663,Talonflame,6,662,341,8,9,,4,45,50,0,15,0,4,0,0,0,664
664,Scatterbug,6,,342,1,14,,4,255,70,0,15,0,2,0,0,0,665
665,Spewpa,6,664,342,1,5,,4,120,70,0,15,0,2,0,0,0,666
666,Vivillon,6,665,342,9,13,,4,45,70,0,15,0,2,0,0,0,667
667,Litleo,6,,343,3,8,,7,220,70,0,20,0,4,0,0,0,668
668,Pyroar,6,667,343,3,8,,7,65,70,0,20,1,4,0,0,0,669
669,Flabebe,6,,344,9,4,,8,225,70,0,20,0,2,0,0,0,670
670,Floette,6,669,344,9,4,,8,120,70,0,20,0,2,0,0,0,671
671,Florges,6,670,344,9,4,,8,45,70,0,20,0,2,0,0,0,672
672,Skiddo,6,,345,3,8,,4,200,70,0,20,0,2,0,0,0,673
673,Gogoat,6,672,345,3,8,,4,45,70,0,20,0,2,0,0,0,674
674,Pancham,6,,346,9,6,,4,220,50,0,25,0,2,0,0,0,675
675,Pangoro,6,674,346,9,12,,4,65,50,0,25,0,2,0,0,0,676
676,Furfrou,6,,347,9,8,,4,160,70,0,20,0,2,1,0,0,677
677,Espurr,6,,348,4,6,,4,190,50,0,20,0,2,0,0,0,678
678,Meowstic,6,677,348,2,6,,4,75,50,0,20,1,2,0,0,0,679
679,Honedge,6,,349,3,5,,4,180,50,0,20,0,2,0,0,0,680
680,Doublade,6,679,349,3,11,,4,90,50,0,20,0,2,0,0,0,681
681,Aegislash,6,680,349,3,5,,4,45,50,0,20,0,2,1,0,0,682
682,Spritzee,6,,350,6,4,,4,200,50,0,20,0,2,0,0,0,683
683,Aromatisse,6,682,350,6,12,,4,140,50,0,20,0,2,0,0,0,684
684,Swirlix,6,,351,9,7,,4,200,50,0,20,0,2,0,0,0,685
685,Slurpuff,6,684,351,9,12,,4,140,50,0,20,0,2,0,0,0,686
686,Inkay,6,,352,2,10,,4,190,50,0,20,0,2,0,0,0,687
687,Malamar,6,686,352,2,5,,4,80,50,0,20,0,2,0,0,0,688
688,Binacle,6,,353,3,11,,4,120,50,0,20,0,2,0,0,0,689
689,Barbaracle,6,688,353,3,11,,4,45,50,0,20,0,2,0,0,0,690
690,Skrelp,6,,354,3,5,,4,225,50,0,20,0,2,0,0,0,691
691,Dragalge,6,690,354,3,5,,4,55,50,0,20,0,2,0,0,0,692
692,Clauncher,6,,355,2,14,,4,225,50,0,15,0,1,0,0,0,693
693,Clawitzer,6,692,355,2,2,,4,55,50,0,15,0,1,0,0,0,694
694,Helioptile,6,,356,10,6,,4,190,50,0,20,0,2,0,0,0,695
695,Heliolisk,6,694,356,10,6,,4,75,50,0,20,0,2,0,0,0,696
696,Tyrunt,6,,357,3,6,,1,45,50,0,30,0,2,0,0,0,697
697,Tyrantrum,6,696,357,8,6,,1,45,50,0,30,0,2,0,0,0,698
698,Amaura,6,,358,2,8,,1,45,50,0,30,0,2,0,0,0,699
699,Aurorus,6,698,358,2,8,,1,45,50,0,30,0,2,0,0,0,700
700,Sylveon,6,133,67,6,8,,1,45,50,0,35,0,2,0,0,0,165
701,Hawlucha,6,,359,5,12,,4,100,50,0,20,0,2,0,0,0,701
702,Dedenne,6,,360,10,6,,4,180,50,0,20,0,2,0,0,0,702
703,Carbink,6,,361,4,1,,-1,60,50,0,25,0,1,0,0,0,703
704,Goomy,6,,362,7,2,,4,45,35,0,40,0,1,0,0,0,704
705,Sliggoo,6,704,362,7,2,,4,45,35,0,40,0,1,0,0,0,705
706,Goodra,6,705,362,7,6,,4,45,35,0,40,0,1,0,0,0,706
707,Klefki,6,,363,4,1,,4,75,50,0,20,0,3,0,0,0,707
708,Phantump,6,,364,3,4,,4,120,50,0,20,0,2,0,0,0,708
709,Trevenant,6,708,364,3,10,,4,60,50,0,20,0,2,0,0,0,709
710,Pumpkaboo,6,,365,3,1,,4,120,50,0,20,0,2,0,0,0,710
711,Gourgeist,6,710,365,3,5,,4,60,50,0,20,0,2,0,0,0,711
712,Bergmite,6,,366,2,8,,4,190,50,0,20,0,2,0,0,0,712
713,Avalugg,6,712,366,2,8,,4,55,50,0,20,0,2,0,0,0,713
714,Noibat,6,,367,7,9,,4,190,50,0,20,0,2,0,0,0,714
715,Noivern,6,714,367,7,9,,4,45,50,0,20,0,2,0,0,0,715
716,Xerneas,6,,368,2,8,,-1,45,0,0,120,0,1,1,1,0,716
717,Yveltal,6,,369,8,9,,-1,45,0,0,120,0,1,0,1,0,717
718,Zygarde,6,,370,5,2,,-1,3,0,0,120,0,1,0,1,0,718
719,Diancie,6,,371,6,4,,-1,3,50,0,25,0,1,1,0,1,719
720,Hoopa,6,,372,7,4,,-1,3,100,0,120,0,1,0,0,1,720
721,Volcanion,6,,373,3,8,,-1,3,100,0,120,0,1,0,0,1,721
722,Rowlet,7,,374,3,9,,1,45,50,0,15,0,4,0,0,0,722
723,Dartrix,7,722,374,3,9,,1,45,50,0,15,0,4,0,0,0,723
724,Decidueye,7,723,374,3,9,,1,45,50,0,15,0,4,0,0,0,724
725,Litten,7,,375,8,8,,1,45,50,0,15,0,4,0,0,0,725
726,Torracat,7,725,375,8,8,,1,45,50,0,15,0,4,0,0,0,726
727,Incineroar,7,726,375,8,6,,1,45,50,0,15,0,4,0,0,0,727
728,Popplio,7,,376,2,3,,1,45,50,0,15,0,4,0,0,0,728
729,Brionne,7,728,376,2,3,,1,45,50,0,15,0,4,0,0,0,729
730,Primarina,7,729,376,2,3,,1,45,50,0,15,0,4,0,0,0,730
731,Pikipek,7,,377,1,9,,4,255,70,0,15,0,2,0,0,0,731
732,Trumbeak,7,731,377,1,9,,4,120,70,0,15,0,2,0,0,0,732
733,Toucannon,7,732,377,1,9,,4,45,70,0,15,0,2,0,0,0,733
734,Yungoos,7,,378,3,8,,4,255,70,0,15,0,2,0,0,0,734
735,Gumshoos,7,734,378,3,8,,4,127,70,0,15,0,2,0,0,0,735
736,Grubbin,7,,379,4,14,,4,255,50,0,15,0,2,0,0,0,736
737,Charjabug,7,736,379,5,2,,4,120,50,0,15,0,2,0,0,0,737
738,Vikavolt,7,737,379,2,14,,4,45,50,0,15,0,2,0,0,0,738
739,Crabrawler,7,,380,7,14,,4,225,70,0,20,0,2,0,0,0,739
740,Crabominable,7,739,380,9,14,,4,60,70,0,20,0,2,0,0,0,740
741,Oricorio,7,,381,8,9,,6,45,70,0,20,0,2,0,0,0,741
742,Cutiefly,7,,382,10,14,,4,190,50,0,20,0,2,0,0,0,742
743,Ribombee,7,742,382,10,13,,4,75,50,0,20,0,2,0,0,0,743
744,Rockruff,7,,383,3,8,,4,190,50,0,15,0,2,0,0,0,744
745,Lycanroc,7,744,383,3,8,,4,90,50,0,15,0,2,0,0,0,745
746,Wishiwashi,7,,384,2,3,,4,60,50,0,15,0,3,0,0,0,746
747,Mareanie,7,,385,2,5,,4,190,50,0,20,0,2,0,0,0,747
748,Toxapex,7,747,385,2,10,,4,75,50,0,20,0,2,0,0,0,748
749,Mudbray,7,,386,3,8,,4,190,50,0,20,0,2,0,0,0,749
750,Mudsdale,7,749,386,3,8,,4,60,50,0,20,0,2,0,0,0,750
751,Dewpider,7,,387,5,7,,4,200,50,0,15,0,2,0,0,0,751
752,Araquanid,7,751,387,5,14,,4,100,50,0,15,0,2,0,0,0,752
753,Fomantis,7,,388,6,6,,4,190,50,0,20,0,2,0,0,0,753
754,Lurantis,7,753,388,6,12,,4,75,50,0,20,0,2,0,0,0,754
755,Morelull,7,,389,7,5,,4,190,50,0,20,0,2,0,0,0,755
756,Shiinotic,7,755,389,7,12,,4,75,50,0,20,0,2,0,0,0,756
757,Salandit,7,,390,1,8,,1,120,50,0,20,0,2,0,0,0,757
758,Salazzle,7,757,390,1,8,,8,45,50,0,20,0,2,0,0,0,758
759,Stufful,7,,391,6,8,,4,140,50,0,15,0,2,0,0,0,759
760,Bewear,7,759,391,6,6,,4,70,50,0,15,0,2,0,0,0,760
761,Bounsweet,7,,392,7,7,,8,235,50,0,20,0,4,0,0,0,761
762,Steenee,7,761,392,7,12,,8,120,50,0,20,0,4,0,0,0,762
763,Tsareena,7,762,392,7,12,,8,45,50,0,20,0,4,0,0,0,763
764,Comfey,7,,393,5,1,,6,60,50,0,20,0,3,0,0,0,764
765,Oranguru,7,,394,9,12,,4,45,50,0,20,0,1,0,0,0,765
766,Passimian,7,,395,9,6,,4,45,50,0,20,0,1,0,0,0,766
767,Wimpod,7,,396,4,10,,4,90,50,0,20,0,2,0,0,0,767
768,Golisopod,7,767,396,4,12,,4,45,50,0,20,0,2,0,0,0,768
769,Sandygast,7,,397,3,2,,4,140,50,0,15,0,2,0,0,0,769
770,Palossand,7,769,397,3,2,,4,60,50,0,15,0,2,0,0,0,770
771,Pyukumuku,7,,398,1,2,,4,60,50,0,15,0,3,0,0,0,771
772,"Type Null",7,,399,4,8,,-1,3,0,0,120,0,1,0,1,0,772
773,Silvally,7,772,399,4,8,,-1,3,0,0,120,0,1,0,1,0,773
774,Minior,7,,400,3,1,,-1,30,70,0,25,0,4,0,0,0,774
775,Komala,7,,401,2,12,,4,45,70,0,20,0,1,0,0,0,775
776,Turtonator,7,,402,8,6,,4,70,50,0,20,0,2,0,0,0,776
777,Togedemaru,7,,403,4,6,,4,180,50,0,10,0,2,0,0,0,777
778,Mimikyu,7,,404,10,2,,4,45,50,0,20,0,2,0,0,0,778
779,Bruxish,7,,405,6,3,,4,80,70,0,15,0,2,0,0,0,779
780,Drampa,7,,406,9,2,,4,70,50,0,20,0,2,0,0,0,780
781,Dhelmise,7,,407,5,5,,-1,25,50,0,25,0,2,0,0,0,781
782,"Jangmo O",7,,408,4,8,,4,45,50,0,40,0,1,0,0,0,782
783,"Hakamo O",7,782,408,4,6,,4,45,50,0,40,0,1,0,0,0,783
784,"Kommo O",7,783,408,4,6,,4,45,50,0,40,0,1,0,0,0,784
785,"Tapu Koko",7,,409,10,4,,-1,3,50,0,15,0,1,0,1,0,785
786,"Tapu Lele",7,,410,6,4,,-1,3,50,0,15,0,1,0,1,0,786
787,"Tapu Bulu",7,,411,8,4,,-1,3,50,0,15,0,1,0,1,0,787
788,"Tapu Fini",7,,412,7,4,,-1,3,50,0,15,0,1,0,1,0,788
789,Cosmog,7,,413,2,1,,-1,45,0,0,120,0,1,0,1,0,789
790,Cosmoem,7,789,413,2,1,,-1,45,0,0,120,0,1,0,1,0,790
791,Solgaleo,7,790,413,9,8,,-1,45,0,0,120,0,1,0,1,0,791
792,Lunala,7,790,413,7,9,,-1,45,0,0,120,0,1,0,1,0,792
793,Nihilego,7,,414,9,10,,-1,45,0,0,120,0,1,0,0,0,793
794,Buzzwole,7,,415,8,10,,-1,45,0,0,120,0,1,0,0,0,794
795,Pheromosa,7,,416,9,12,,-1,45,0,0,120,0,1,0,0,0,795
796,Xurkitree,7,,417,1,6,,-1,45,0,0,120,0,1,0,0,0,796
797,Celesteela,7,,418,5,12,,-1,45,0,0,120,0,1,0,0,0,797
798,Kartana,7,,419,9,12,,-1,45,0,0,120,0,1,0,0,0,798
799,Guzzlord,7,,420,1,6,,-1,45,0,0,120,0,1,0,0,0,799
800,Necrozma,7,,421,1,4,,-1,255,0,0,120,0,1,0,1,0,800
801,Magearna,7,,422,4,12,,-1,3,0,0,120,0,1,0,0,1,801
802,Marshadow,7,,423,4,12,,-1,3,0,0,120,0,1,0,0,1,802
803,Poipole,7,,424,7,6,,-1,45,0,0,120,0,1,0,0,0,803
804,Naganadel,7,803,424,7,9,,-1,45,0,0,120,0,1,0,0,0,804
805,Stakataka,7,,425,4,8,,-1,30,0,0,120,0,1,0,0,0,805
806,Blacephalon,7,,426,9,12,,-1,30,0,0,120,0,1,0,0,0,806
807,Zeraora,7,,427,10,12,,-1,3,0,0,120,0,1,0,0,1,807
808,Meltan,7,,428,4,1,,-1,3,0,0,120,0,1,0,0,1,808
809,Melmetal,7,808,429,4,12,,-1,3,0,0,120,0,1,0,0,1,809
810,Grookey,8,,430,5,6,,1,45,50,0,20,0,4,0,0,0,810
811,Thwackey,8,810,430,5,6,,1,45,50,0,20,0,4,0,0,0,811
812,Rillaboom,8,811,430,5,12,,1,45,50,0,20,0,4,0,0,0,812
813,Scorbunny,8,,431,9,6,,1,45,50,0,20,0,4,0,0,0,813
814,Raboot,8,813,431,4,6,,1,45,50,0,20,0,4,0,0,0,814
815,Cinderace,8,814,431,9,6,,1,45,50,0,20,0,4,0,0,0,815
816,Sobble,8,,432,2,8,,1,45,50,0,20,0,4,0,0,0,816
817,Drizzile,8,816,432,2,6,,1,45,50,0,20,0,4,0,0,0,817
818,Inteleon,8,817,432,2,6,,1,45,50,0,20,0,4,0,0,0,818
819,Skwovet,8,,433,3,6,,4,255,50,0,20,0,2,0,0,0,819
820,Greedent,8,819,433,3,6,,4,90,50,0,20,0,2,0,0,0,820
821,Rookidee,8,,434,2,9,,4,255,50,0,15,0,4,0,0,0,821
822,Corvisquire,8,821,434,2,9,,4,120,50,0,15,0,4,0,0,0,822
823,Corviknight,8,822,434,7,9,,4,45,50,0,15,0,4,0,0,0,823
824,Blipbug,8,,435,2,14,,4,255,50,0,15,0,2,0,0,0,824
825,Dottler,8,824,435,10,14,,4,120,50,0,15,0,2,0,0,0,825
826,Orbeetle,8,825,435,8,9,,4,45,50,0,15,0,2,0,0,0,826
827,Nickit,8,,436,3,8,,4,255,50,0,15,0,3,0,0,0,827
828,Thievul,8,827,436,3,8,,4,127,50,0,15,0,3,0,0,0,828
829,Gossifleur,8,,437,5,5,,4,190,50,0,20,0,2,0,0,0,829
830,Eldegoss,8,829,437,5,5,,4,75,50,0,20,0,2,0,0,0,830
831,Wooloo,8,,438,9,8,,4,255,50,0,15,0,2,0,0,0,831
832,Dubwool,8,831,438,9,8,,4,127,50,0,15,0,2,0,0,0,832
833,Chewtle,8,,439,5,8,,4,255,50,0,20,0,2,0,0,0,833
834,Drednaw,8,833,439,5,8,,4,75,50,0,20,0,2,0,0,0,834
835,Yamper,8,,440,10,8,,4,255,50,0,20,0,3,0,0,0,835
836,Boltund,8,835,440,10,8,,4,45,50,0,20,0,3,0,0,0,836
837,Rolycoly,8,,441,1,1,,4,255,50,0,15,0,4,0,0,0,837
838,Carkol,8,837,441,1,7,,4,120,50,0,15,0,4,0,0,0,838
839,Coalossal,8,838,441,1,12,,4,45,50,0,15,0,4,0,0,0,839
840,Applin,8,,442,5,2,,4,255,50,0,20,0,5,0,0,0,840
841,Flapple,8,840,442,5,9,,4,45,50,0,20,0,5,0,0,0,841
842,Appletun,8,840,442,5,8,,4,45,50,0,20,0,5,0,0,0,842
843,Silicobra,8,,443,5,2,,4,255,50,0,20,0,2,0,0,0,843
844,Sandaconda,8,843,443,5,2,,4,120,50,0,20,0,2,0,0,0,844
845,Cramorant,8,,444,2,9,,4,45,50,0,20,0,2,0,0,0,845
846,Arrokuda,8,,445,3,3,,4,255,50,0,20,0,1,0,0,0,846
847,Barraskewda,8,846,445,3,3,,4,60,50,0,20,0,1,0,0,0,847
848,Toxel,8,,446,7,6,,4,75,50,1,25,0,4,0,0,0,848
849,Toxtricity,8,848,446,7,6,,4,45,50,0,25,0,4,0,0,0,849
850,Sizzlipede,8,,447,8,10,,4,190,50,0,20,0,2,0,0,0,850
851,Centiskorch,8,850,447,8,10,,4,75,50,0,20,0,2,0,0,0,851
852,Clobbopus,8,,448,3,10,,4,180,50,0,25,0,4,0,0,0,852
853,Grapploct,8,852,448,2,10,,4,45,50,0,25,0,4,0,0,0,853
854,Sinistea,8,,449,7,1,,-1,120,50,0,20,0,2,0,0,0,854
855,Polteageist,8,854,449,7,1,,-1,60,50,0,20,0,2,0,0,0,855
856,Hatenna,8,,450,6,7,,8,235,50,0,20,0,1,0,0,0,856
857,Hattrem,8,856,450,6,12,,8,120,50,0,20,0,1,0,0,0,857
858,Hatterene,8,857,450,6,5,,8,45,50,0,20,0,1,0,0,0,858
859,Impidimp,8,,451,6,12,,0,255,50,0,20,0,2,0,0,0,859
860,Morgrem,8,859,451,6,12,,0,120,50,0,20,0,2,0,0,0,860
861,Grimmsnarl,8,860,451,7,12,,0,45,50,0,20,0,2,0,0,0,861
862,Obstagoon,8,264,134,4,6,,4,45,50,0,15,0,2,0,0,0,862
863,Perrserker,8,52,22,3,6,,4,90,50,0,20,0,2,0,0,0,863
864,Cursola,8,222,113,9,4,,6,30,50,0,20,0,3,0,0,0,864
865,Sirfetchd,8,83,35,9,9,,4,45,50,0,20,0,2,0,0,0,865
866,"Mr Rime",8,122,57,7,12,,4,45,50,0,25,0,2,0,0,0,866
867,Runerigus,8,562,287,4,5,,4,90,50,0,25,0,2,0,0,0,867
868,Milcery,8,,452,9,1,,8,200,50,0,20,0,2,0,0,0,868
869,Alcremie,8,868,452,9,5,,8,100,50,0,20,0,2,0,0,0,869
870,Falinks,8,,453,10,11,,-1,45,50,0,25,0,2,0,0,0,870
871,Pincurchin,8,,454,7,10,,4,75,50,0,20,0,2,0,0,0,871
872,Snom,8,,455,9,2,,4,190,50,0,20,0,2,0,0,0,872
873,Frosmoth,8,872,455,9,13,,4,75,50,0,20,0,2,0,0,0,873
874,Stonjourner,8,,456,4,7,,4,60,50,0,25,0,1,0,0,0,874
875,Eiscue,8,,457,2,6,,4,60,50,0,25,0,1,0,0,0,875
876,Indeedee,8,,458,7,6,,4,30,140,0,40,1,3,0,0,0,876
877,Morpeko,8,,459,10,12,,4,180,50,0,10,0,2,0,0,0,877
878,Cufant,8,,460,10,8,,4,190,50,0,25,0,2,0,0,0,878
879,Copperajah,8,878,460,5,8,,4,90,50,0,25,0,2,0,0,0,879
880,Dracozolt,8,,461,5,6,,-1,45,50,0,35,0,1,0,0,0,880
881,Arctozolt,8,,462,2,6,,-1,45,50,0,35,0,1,0,0,0,881
882,Dracovish,8,,463,5,7,,-1,45,50,0,35,0,1,0,0,0,882
883,Arctovish,8,,464,2,3,,-1,45,50,0,35,0,1,0,0,0,883
884,Duraludon,8,,465,9,6,,4,45,50,0,30,0,2,0,0,0,884
885,Dreepy,8,,466,5,2,,4,45,50,0,40,0,1,0,0,0,885
886,Drakloak,8,885,466,5,4,,4,45,50,0,40,0,1,0,0,0,886
887,Dragapult,8,886,466,5,6,,4,45,50,0,40,0,1,0,0,0,887
888,Zacian,8,,467,2,8,,-1,10,0,0,120,0,1,0,1,0,888
889,Zamazenta,8,,468,8,8,,-1,10,0,0,120,0,1,0,1,0,889
890,Eternatus,8,,469,7,9,,-1,255,0,0,120,0,1,0,1,0,890
891,Kubfu,8,,470,4,6,,1,3,50,0,120,0,1,0,1,0,891
892,Urshifu,8,891,470,4,12,,1,3,50,0,120,0,1,0,1,0,892
893,Zarude,8,,471,5,6,,-1,3,0,0,120,0,1,0,0,1,893
894,Regieleki,8,,472,10,12,,-1,3,35,0,120,0,1,0,1,0,894
895,Regidrago,8,,473,5,12,,-1,3,35,0,120,0,1,0,1,0,895
896,Glastrier,8,,474,9,8,,-1,3,35,0,120,0,1,0,1,0,896
897,Spectrier,8,,475,1,8,,-1,3,35,0,120,0,1,0,1,0,897
898,Calyrex,8,,476,5,12,,-1,3,100,0,120,0,1,0,1,0,898
899,Wyrdeer,8,234,120,4,8,,4,135,50,0,20,0,1,0,0,0,899
900,Kleavor,8,123,58,3,13,,4,115,50,0,20,0,2,0,0,0,900
901,Ursaluna,8,217,110,3,8,,4,75,50,0,20,0,2,0,0,0,901
902,Basculegion,8,550,280,5,3,,4,135,50,0,20,1,2,1,0,0,902
903,Sneasler,8,215,109,4,6,,4,135,50,0,20,0,4,0,0,0,903
904,Overqwil,8,211,106,1,3,,4,135,50,0,20,0,2,0,0,0,904
905,Enamorus,8,,477,6,4,,8,3,50,0,20,0,1,1,1,0,905
906,Sprigatito,9,,478,5,8,,1,45,50,0,20,0,4,0,0,0,906
907,Floragato,9,906,478,5,6,,1,45,50,0,20,0,4,0,0,0,907
908,Meowscarada,9,907,478,5,6,,1,45,50,0,20,0,4,0,0,0,908
909,Fuecoco,9,,479,8,6,,1,45,50,0,20,0,4,0,0,0,909
910,Crocalor,9,909,479,8,6,,1,45,50,0,20,0,4,0,0,0,910
911,Skeledirge,9,910,479,8,8,,1,45,50,0,20,0,4,0,0,0,911
912,Quaxly,9,,480,9,6,,1,45,50,0,20,0,4,0,0,0,912
913,Quaxwell,9,912,480,2,6,,1,45,50,0,20,0,4,0,0,0,913
914,Quaquaval,9,913,480,2,6,,1,45,50,0,20,0,4,0,0,0,914
915,Lechonk,9,,481,4,8,,4,255,50,0,15,0,2,0,0,0,915
916,Oinkologne,9,915,481,4,8,,0,100,50,0,15,1,2,0,0,0,916
917,Tarountula,9,,482,9,14,,4,255,50,0,15,0,5,0,0,0,918
918,Spidops,9,917,482,5,14,,4,120,50,0,15,0,5,0,0,0,919
919,Nymble,9,,483,4,14,,4,190,20,0,20,0,2,0,0,0,920
920,Lokix,9,919,483,4,12,,4,30,0,0,20,0,2,0,0,0,921
921,Pawmi,9,,484,10,8,,4,190,50,0,15,0,2,0,0,0,954
922,Pawmo,9,921,484,10,6,,4,80,50,0,15,0,2,0,0,0,955
923,Pawmot,9,922,484,10,6,,4,45,50,0,15,0,2,0,0,0,956
924,Tandemaus,9,,485,9,11,,-1,150,50,0,10,0,3,0,0,0,945
925,Maushold,9,924,485,9,11,,-1,75,50,0,10,0,3,0,0,0,946
926,Fidough,9,,486,10,8,,4,190,50,0,20,0,4,0,0,0,970
927,Dachsbun,9,926,486,3,8,,4,90,50,0,20,0,4,0,0,0,971
928,Smoliv,9,,487,5,7,,4,255,50,0,20,0,4,0,0,0,935
929,Dolliv,9,928,487,5,12,,4,120,50,0,20,0,4,0,0,0,936
930,Arboliva,9,929,487,5,12,,4,45,50,0,20,0,4,0,0,0,937
931,Squawkabilly,9,,488,5,9,,4,190,50,0,15,0,5,0,0,0,960
932,Nacli,9,,489,3,1,,4,255,50,0,20,0,4,0,0,0,963
933,Naclstack,9,932,489,3,8,,4,120,50,0,20,0,4,0,0,0,964
934,Garganacl,9,933,489,3,12,,4,45,50,0,20,0,4,0,0,0,965
935,Charcadet,9,,490,8,12,,4,90,50,0,35,0,1,0,0,0,1003
936,Armarouge,9,935,490,8,12,,4,25,20,0,35,0,1,0,0,0,1004
937,Ceruledge,9,935,490,2,12,,4,25,20,0,35,0,1,0,0,0,1005
938,Tadbulb,9,,491,10,1,,4,190,50,0,20,0,2,0,0,0,940
939,Bellibolt,9,938,491,5,12,,4,50,50,0,20,0,2,0,0,0,941
940,Wattrel,9,,492,1,9,,4,180,50,0,20,0,4,0,0,0,957
941,Kilowattrel,9,940,492,10,9,,4,90,50,0,20,0,4,0,0,0,958
942,Maschiff,9,,493,3,8,,4,150,50,0,20,0,4,0,0,0,972
943,Mabosstiff,9,942,493,4,8,,4,75,50,0,20,0,4,0,0,0,973
944,Shroodle,9,,494,4,8,,4,190,50,0,20,0,4,0,0,0,968
945,Grafaiai,9,944,494,4,6,,4,90,50,0,20,0,4,0,0,0,969
946,Bramblin,9,,495,3,1,,4,190,50,0,20,0,2,0,0,0,974
947,Brambleghast,9,946,495,3,1,,4,45,50,0,20,0,2,0,0,0,975
948,Toedscool,9,,496,10,7,,4,190,50,0,20,0,4,0,0,0,1006
949,Toedscruel,9,948,496,1,10,,4,90,50,0,20,0,4,0,0,0,1007
950,Klawf,9,,497,8,14,,4,120,50,0,35,0,2,0,0,0,962
951,Capsakid,9,,498,5,6,,4,190,50,0,20,0,2,0,0,0,938
952,Scovillain,9,951,498,5,6,,4,75,50,0,20,0,2,0,0,0,939
953,Rellor,9,,499,3,14,,4,190,50,0,20,0,3,0,0,0,922
954,Rabsca,9,953,499,5,14,,4,45,50,0,20,0,3,0,0,0,923
955,Flittle,9,,500,10,7,,4,120,50,0,20,0,4,0,0,0,926
956,Espathra,9,955,500,10,6,,4,60,50,0,20,0,4,0,0,0,927
957,Tinkatink,9,,501,6,12,,8,190,50,0,20,0,4,0,0,0,1000
958,Tinkatuff,9,957,501,6,12,,8,90,50,0,20,0,4,0,0,0,1001
959,Tinkaton,9,958,501,6,12,,8,45,50,0,20,0,4,0,0,0,1002
960,Wiglett,9,,502,9,5,,4,255,50,0,20,0,2,0,0,0,929
961,Wugtrio,9,960,502,8,5,,4,50,50,0,20,0,2,0,0,0,930
962,Bombirdier,9,,503,9,9,,4,25,50,0,35,0,1,0,0,0,959
963,Finizen,9,,504,2,3,,4,200,50,0,40,0,1,0,0,0,933
964,Palafin,9,963,504,2,3,,4,45,50,0,40,0,1,0,0,0,934
965,Varoom,9,,505,4,7,,4,190,50,0,20,0,2,0,0,0,942
966,Revavroom,9,965,505,4,7,,4,75,50,0,20,0,2,0,0,0,943
967,Cyclizar,9,,506,5,8,,4,190,50,0,30,0,4,0,0,0,953
968,Orthworm,9,,507,6,2,,4,25,50,0,35,0,1,0,0,0,944
969,Glimmet,9,,508,2,1,,4,70,50,0,30,0,4,0,0,0,966
970,Glimmora,9,969,508,2,1,,4,25,50,0,30,0,4,0,0,0,967
971,Greavard,9,,509,9,8,,4,120,50,0,20,0,4,0,0,0,924
972,Houndstone,9,971,509,9,8,,4,60,50,0,20,0,4,0,0,0,925
973,Flamigo,9,,510,6,9,,4,100,50,0,20,0,4,0,0,0,961
974,Cetoddle,9,,511,9,6,,4,150,50,0,25,0,4,0,0,0,947
975,Cetitan,9,974,511,9,6,,4,50,50,0,25,0,4,0,0,0,948
976,Veluza,9,,512,4,3,,4,100,50,0,20,0,3,0,0,0,932
977,Dondozo,9,,513,2,3,,4,25,50,0,40,0,1,0,0,0,931
978,Tatsugiri,9,,514,6,3,,4,100,50,0,35,0,4,0,0,0,952
979,Annihilape,9,57,24,4,12,,4,45,50,0,20,0,2,0,0,0,1010
980,Clodsire,9,194,96,3,8,,4,90,50,0,20,0,2,0,0,0,1009
981,Farigiraf,9,203,101,3,8,,4,45,50,0,20,0,2,0,0,0,928
982,Dudunsparce,9,206,103,10,2,,4,45,50,0,20,0,2,0,0,0,917
983,Kingambit,9,625,317,1,12,,4,25,50,0,20,0,2,0,0,0,1008
984,"Great Tusk",9,,515,7,8,,-1,30,0,0,50,0,1,0,0,0,978
985,"Scream Tail",9,,516,6,6,,-1,50,0,0,50,0,1,0,0,0,982
986,"Brute Bonnet",9,,517,4,8,,-1,50,0,0,50,0,1,0,0,0,979
987,"Flutter Mane",9,,518,4,9,,-1,30,0,0,50,0,1,0,0,0,983
988,"Slither Wing",9,,519,8,8,,-1,30,0,0,50,0,1,0,0,0,984
989,"Sandy Shocks",9,,520,4,8,,-1,30,0,0,50,0,1,0,0,0,981
990,"Iron Treads",9,,521,4,8,,-1,30,0,0,50,0,1,0,0,0,986
991,"Iron Bundle",9,,522,8,6,,-1,50,0,0,50,0,1,0,0,0,992
992,"Iron Hands",9,,523,4,12,,-1,50,0,0,50,0,1,0,0,0,989
993,"Iron Jugulis",9,,524,2,6,,-1,30,0,0,50,0,1,0,0,0,990
994,"Iron Moth",9,,525,10,13,,-1,30,0,0,50,0,1,0,0,0,988
995,"Iron Thorns",9,,526,5,6,,-1,30,0,0,50,0,1,0,0,0,991
996,Frigibax,9,,527,4,6,,4,45,50,0,40,0,1,0,0,0,949
997,Arctibax,9,996,527,4,6,,4,25,50,0,40,0,1,0,0,0,950
998,Baxcalibur,9,997,527,4,6,,4,10,50,0,40,0,1,0,0,0,951
999,Gimmighoul,9,,528,3,5,,-1,45,50,0,50,0,1,0,0,0,976
1000,Gholdengo,9,999,528,10,12,,-1,45,50,0,50,0,1,0,0,0,977
1001,"Wo Chien",9,,529,3,2,,-1,6,0,0,50,0,1,0,1,0,996
1002,"Chien Pao",9,,530,9,8,,-1,6,0,0,50,0,1,0,1,0,995
1003,"Ting Lu",9,,531,3,8,,-1,6,0,0,50,0,1,0,1,0,994
1004,"Chi Yu",9,,532,8,3,,-1,6,0,0,50,0,1,0,1,0,997
1005,"Roaring Moon",9,,533,5,8,,-1,10,0,0,50,0,1,0,0,0,985
1006,"Iron Valiant",9,,534,9,12,,-1,10,0,0,50,0,1,0,0,0,993
1007,Koraidon,9,,535,8,6,,-1,3,0,0,50,0,1,0,1,0,998
1008,Miraidon,9,,536,2,8,,-1,3,0,0,50,0,1,0,1,0,999
1009,"Walking Wake",9,,537,2,6,,-1,5,0,0,50,0,1,0,0,0,1011
1010,"Iron Leaves",9,,538,5,8,,-1,5,0,0,50,0,1,0,0,0,1012
1011,Dipplin,9,840,442,5,11,,-1,45,0,0,20,0,1,0,0,0,1013
1012,Poltchageist,9,,539,5,1,,-1,120,0,0,50,0,1,0,0,0,1014
1013,Sinistcha,9,1012,539,5,1,,-1,60,0,0,50,0,1,0,0,0,1015
1014,Okidogi,9,,540,1,6,,-1,3,0,0,50,0,1,0,1,0,1016
1015,Munkidori,9,,541,1,12,,-1,3,0,0,50,0,1,0,1,0,1017
1016,Fezandipiti,9,,542,1,9,,-1,3,0,0,50,0,1,0,1,0,1018
1017,Ogerpon,9,,543,5,12,,-1,5,0,0,50,0,1,0,1,0,1019
1018,Archaludon,9,884,465,9,6,,4,10,50,0,30,0,2,0,0,0,1020
1019,Hydrapple,9,1011,442,5,11,,4,10,50,0,20,0,5,0,0,0,1021
1020,"Gouging Fire",9,,544,3,8,,-1,10,0,0,50,0,1,0,0,0,1022
1021,"Raging Bolt",9,,545,10,8,,-1,10,0,0,50,0,1,0,0,0,1023
1022,"Iron Boulder",9,,547,4,8,,-1,10,0,0,50,0,1,0,0,0,1024
1023,"Iron Crown",9,,546,2,8,,-1,10,0,0,50,0,1,0,0,0,1025
1024,Terapagos,9,,548,2,8,,-1,255,50,0,5,0,1,0,1,0,1026
1025,Pecharunt,9,,549,7,1,,-1,3,0,0,20,0,1,0,0,1,1027
