Id,Name,"Species Id",Height,Weight,"Base Experience",Order,"Is Default"
1,Bulbasaur,1,7,69,64,1,1
2,Ivysaur,2,10,130,142,2,1
3,Venusaur,3,20,1000,263,3,1
4,Charmander,4,6,85,62,5,1
5,Charmeleon,5,11,190,142,6,1
6,Charizard,6,17,905,267,7,1
7,Squirtle,7,5,90,63,10,1
8,Wartortle,8,10,225,142,11,1
9,Blastoise,9,16,855,265,12,1
10,Caterpie,10,3,29,39,14,1
11,Metapod,11,7,99,72,15,1
12,Butterfree,12,11,320,198,16,1
13,Weedle,13,3,32,39,17,1
14,Kakuna,14,6,100,72,18,1
15,Beedrill,15,10,295,178,19,1
16,Pidgey,16,3,18,50,21,1
17,Pidgeotto,17,11,300,122,22,1
18,Pidgeot,18,15,395,216,23,1
19,Rattata,19,3,35,51,25,1
20,Raticate,20,7,185,145,27,1
21,Spearow,21,3,20,52,30,1
22,Fearow,22,12,380,155,31,1
23,Ekans,23,20,69,58,32,1
24,Arbok,24,35,650,157,33,1
25,Pikachu,25,4,60,112,35,1
26,Raichu,26,8,300,243,51,1
27,Sandshrew,27,6,120,60,53,1
28,Sandslash,28,10,295,158,55,1
29,"Nidoran F",29,4,70,55,57,1
30,Nidorina,30,8,200,128,58,1
31,Nidoqueen,31,13,600,253,59,1
32,"Nidoran M",32,5,90,55,60,1
33,Nidorino,33,9,195,128,61,1
34,Nidoking,34,14,620,253,62,1
35,Clefairy,35,6,75,113,64,1
36,Clefable,36,13,400,242,65,1
37,Vulpix,37,6,99,60,66,1
38,Ninetales,38,11,199,177,68,1
39,Jigglypuff,39,5,55,95,71,1
40,Wigglytuff,40,10,120,218,72,1
41,Zubat,41,8,75,49,73,1
42,Golbat,42,16,550,159,74,1
43,Oddish,43,5,54,64,76,1
44,Gloom,44,8,86,138,77,1
45,Vileplume,45,12,186,245,78,1
46,Paras,46,3,54,57,80,1
47,Parasect,47,10,295,142,81,1
48,Venonat,48,10,300,61,82,1
49,Venomoth,49,15,125,158,83,1
50,Diglett,50,2,8,53,84,1
51,Dugtrio,51,7,333,149,86,1
52,Meowth,52,4,42,58,88,1
53,Persian,53,10,320,154,91,1
54,Psyduck,54,8,196,64,93,1
55,Golduck,55,17,766,175,94,1
56,Mankey,56,5,280,61,95,1
57,Primeape,57,10,320,159,96,1
58,Growlithe,58,7,190,70,97,1
59,Arcanine,59,19,1550,194,98,1
60,Poliwag,60,6,124,60,99,1
61,Poliwhirl,61,10,200,135,100,1
62,Poliwrath,62,13,540,255,101,1
63,Abra,63,9,195,62,103,1
64,Kadabra,64,13,565,140,104,1
65,Alakazam,65,15,480,250,105,1
66,Machop,66,8,195,61,107,1
67,Machoke,67,15,705,142,108,1
68,Machamp,68,16,1300,253,109,1
69,Bellsprout,69,7,40,60,110,1
70,Weepinbell,70,10,64,137,111,1
71,Victreebel,71,17,155,221,112,1
72,Tentacool,72,9,455,67,113,1
73,Tentacruel,73,16,550,180,114,1
74,Geodude,74,4,200,60,115,1
75,Graveler,75,10,1050,137,117,1
76,Golem,76,14,3000,223,119,1
77,Ponyta,77,10,300,82,121,1
78,Rapidash,78,17,950,175,123,1
79,Slowpoke,79,12,360,63,125,1
80,Slowbro,80,16,785,172,127,1
81,Magnemite,81,3,60,65,132,1
82,Magneton,82,10,600,163,133,1
83,Farfetchd,83,8,150,132,135,1
84,Doduo,84,14,392,62,137,1
85,Dodrio,85,18,852,165,138,1
86,Seel,86,11,900,65,139,1
87,Dewgong,87,17,1200,166,140,1
88,Grimer,88,9,300,65,141,1
89,Muk,89,12,300,175,143,1
90,Shellder,90,3,40,61,145,1
91,Cloyster,91,15,1325,184,146,1
92,Gastly,92,13,1,62,147,1
93,Haunter,93,16,1,142,148,1
94,Gengar,94,15,405,250,149,1
95,Onix,95,88,2100,77,151,1
96,Drowzee,96,10,324,66,154,1
97,Hypno,97,16,756,169,155,1
98,Krabby,98,4,65,65,156,1
99,Kingler,99,13,600,166,157,1
100,Voltorb,100,5,104,66,158,1
101,Electrode,101,12,666,172,159,1
102,Exeggcute,102,4,25,65,160,1
103,Exeggutor,103,20,1200,186,161,1
104,Cubone,104,4,65,64,163,1
105,Marowak,105,10,450,149,164,1
106,Hitmonlee,106,15,498,159,168,1
107,Hitmonchan,107,14,502,159,169,1
108,Lickitung,108,12,655,77,171,1
109,Koffing,109,6,10,68,173,1
110,Weezing,110,12,95,172,174,1
111,Rhyhorn,111,10,1150,69,176,1
112,Rhydon,112,19,1200,170,177,1
113,Chansey,113,11,346,395,180,1
114,Tangela,114,10,350,87,182,1
115,Kangaskhan,115,22,800,172,184,1
116,Horsea,116,4,80,59,186,1
117,Seadra,117,12,250,154,187,1
118,Goldeen,118,6,150,64,189,1
119,Seaking,119,13,390,158,190,1
120,Staryu,120,8,345,68,191,1
121,Starmie,121,11,800,182,192,1
122,"Mr Mime",122,13,545,161,194,1
123,Scyther,123,15,560,100,196,1
124,Jynx,124,14,406,159,200,1
125,Electabuzz,125,11,300,172,202,1
126,Magmar,126,13,445,173,205,1
127,Pinsir,127,15,550,175,207,1
128,Tauros,128,14,884,172,209,1
129,Magikarp,129,9,100,40,210,1
130,Gyarados,130,65,2350,189,211,1
131,Lapras,131,25,2200,187,213,1
132,Ditto,132,3,40,101,214,1
133,Eevee,133,3,65,65,215,1
134,Vaporeon,134,10,290,184,217,1
135,Jolteon,135,8,245,184,218,1
136,Flareon,136,9,250,184,219,1
137,Porygon,137,8,365,79,225,1
138,Omanyte,138,4,75,71,228,1
139,Omastar,139,10,350,173,229,1
140,Kabuto,140,5,115,71,230,1
141,Kabutops,141,13,405,173,231,1
142,Aerodactyl,142,18,590,180,232,1
143,Snorlax,143,21,4600,189,235,1
144,Articuno,144,17,554,290,236,1
145,Zapdos,145,16,526,290,238,1
146,Moltres,146,20,600,290,240,1
147,Dratini,147,18,33,60,242,1
148,Dragonair,148,40,165,147,243,1
149,Dragonite,149,22,2100,300,244,1
150,Mewtwo,150,20,1220,340,245,1
151,Mew,151,4,40,300,248,1
152,Chikorita,152,9,64,64,249,1
153,Bayleef,153,12,158,142,250,1
154,Meganium,154,18,1005,236,251,1
155,Cyndaquil,155,5,79,62,252,1
156,Quilava,156,9,190,142,253,1
157,Typhlosion,157,17,795,240,254,1
158,Totodile,158,6,95,63,255,1
159,Croconaw,159,11,250,142,256,1
160,Feraligatr,160,23,888,239,257,1
161,Sentret,161,8,60,43,258,1
162,Furret,162,18,325,145,259,1
163,Hoothoot,163,7,212,52,260,1
164,Noctowl,164,16,408,158,261,1
165,Ledyba,165,10,108,53,262,1
166,Ledian,166,14,356,137,263,1
167,Spinarak,167,5,85,50,264,1
168,Ariados,168,11,335,140,265,1
169,Crobat,169,18,750,268,75,1
170,Chinchou,170,5,120,66,266,1
171,Lanturn,171,12,225,161,267,1
172,Pichu,172,3,20,41,34,1
173,Cleffa,173,3,30,44,63,1
174,Igglybuff,174,3,10,42,70,1
175,Togepi,175,3,15,49,268,1
176,Togetic,176,6,32,142,269,1
177,Natu,177,2,20,64,271,1
178,Xatu,178,15,150,165,272,1
179,Mareep,179,6,78,56,273,1
180,Flaaffy,180,8,133,128,274,1
181,Ampharos,181,14,615,230,275,1
182,Bellossom,182,4,58,245,79,1
183,Marill,183,4,85,88,278,1
184,Azumarill,184,8,285,210,279,1
185,Sudowoodo,185,12,380,144,281,1
186,Politoed,186,11,339,250,102,1
187,Hoppip,187,4,5,50,282,1
188,Skiploom,188,6,10,119,283,1
189,Jumpluff,189,8,30,207,284,1
190,Aipom,190,8,115,72,285,1
191,Sunkern,191,3,18,36,287,1
192,Sunflora,192,8,85,149,288,1
193,Yanma,193,12,380,78,289,1
194,Wooper,194,4,85,42,291,1
195,Quagsire,195,14,750,151,292,1
196,Espeon,196,9,265,184,220,1
197,Umbreon,197,10,270,184,221,1
198,Murkrow,198,5,21,81,293,1
199,Slowking,199,20,795,172,130,1
200,Misdreavus,200,7,10,87,295,1
201,Unown,201,5,50,118,297,1
202,Wobbuffet,202,13,285,142,299,1
203,Girafarig,203,15,415,159,300,1
204,Pineco,204,6,72,58,301,1
205,Forretress,205,12,1258,163,302,1
206,Dunsparce,206,15,140,145,303,1
207,Gligar,207,11,648,86,304,1
208,Steelix,208,92,4000,179,152,1
209,Snubbull,209,6,78,60,306,1
210,Granbull,210,14,487,158,307,1
211,Qwilfish,211,5,39,88,308,1
212,Scizor,212,18,1180,175,197,1
213,Shuckle,213,6,205,177,309,1
214,Heracross,214,15,540,175,310,1
215,Sneasel,215,9,280,86,312,1
216,Teddiursa,216,6,88,66,314,1
217,Ursaring,217,18,1258,175,315,1
218,Slugma,218,7,350,50,316,1
219,Magcargo,219,8,550,151,317,1
220,Swinub,220,4,65,50,318,1
221,Piloswine,221,11,558,158,319,1
222,Corsola,222,6,50,144,321,1
223,Remoraid,223,6,120,60,323,1
224,Octillery,224,9,285,168,324,1
225,Delibird,225,9,160,116,325,1
226,Mantine,226,21,2200,170,327,1
227,Skarmory,227,17,505,163,328,1
228,Houndour,228,6,108,66,329,1
229,Houndoom,229,14,350,175,330,1
230,Kingdra,230,18,1520,270,188,1
231,Phanpy,231,5,335,66,332,1
232,Donphan,232,11,1200,175,333,1
233,Porygon2,233,6,325,180,226,1
234,Stantler,234,14,712,163,334,1
235,Smeargle,235,12,580,88,335,1
236,Tyrogue,236,7,210,42,167,1
237,Hitmontop,237,14,480,159,170,1
238,Smoochum,238,4,60,61,199,1
239,Elekid,239,6,235,72,201,1
240,Magby,240,7,214,73,204,1
241,Miltank,241,12,755,172,336,1
242,Blissey,242,15,468,635,181,1
243,Raikou,243,19,1780,290,337,1
244,Entei,244,21,1980,290,338,1
245,Suicune,245,20,1870,290,339,1
246,Larvitar,246,6,720,60,340,1
247,Pupitar,247,12,1520,144,341,1
248,Tyranitar,248,20,2020,300,342,1
249,Lugia,249,52,2160,340,344,1
250,"Ho Oh",250,38,1990,340,345,1
251,Celebi,251,6,50,300,346,1
252,Treecko,252,5,50,62,347,1
253,Grovyle,253,9,216,142,348,1
254,Sceptile,254,17,522,265,349,1
255,Torchic,255,4,25,62,351,1
256,Combusken,256,9,195,142,352,1
257,Blaziken,257,19,520,265,353,1
258,Mudkip,258,4,76,62,355,1
259,Marshtomp,259,7,280,142,356,1
260,Swampert,260,15,819,268,357,1
261,Poochyena,261,5,136,56,359,1
262,Mightyena,262,10,370,147,360,1
263,Zigzagoon,263,4,175,56,361,1
264,Linoone,264,5,325,147,363,1
265,Wurmple,265,3,36,56,365,1
266,Silcoon,266,6,100,72,366,1
267,Beautifly,267,10,284,178,367,1
268,Cascoon,268,7,115,72,368,1
269,Dustox,269,12,316,173,369,1
270,Lotad,270,5,26,44,370,1
271,Lombre,271,12,325,119,371,1
272,Ludicolo,272,15,550,240,372,1
273,Seedot,273,5,40,44,373,1
274,Nuzleaf,274,10,280,119,374,1
275,Shiftry,275,13,596,240,375,1
276,Taillow,276,3,23,54,376,1
277,Swellow,277,7,198,159,377,1
278,Wingull,278,6,95,54,378,1
279,Pelipper,279,12,280,154,379,1
280,Ralts,280,4,66,40,380,1
281,Kirlia,281,8,202,97,381,1
282,Gardevoir,282,16,484,259,382,1
283,Surskit,283,5,17,54,386,1
284,Masquerain,284,8,36,159,387,1
285,Shroomish,285,4,45,59,388,1
286,Breloom,286,12,392,161,389,1
287,Slakoth,287,8,240,56,390,1
288,Vigoroth,288,14,465,154,391,1
289,Slaking,289,20,1305,252,392,1
290,Nincada,290,5,55,53,393,1
291,Ninjask,291,8,120,160,394,1
292,Shedinja,292,8,12,83,395,1
293,Whismur,293,6,163,48,396,1
294,Loudred,294,10,405,126,397,1
295,Exploud,295,15,840,245,398,1
296,Makuhita,296,10,864,47,399,1
297,Hariyama,297,23,2538,166,400,1
298,Azurill,298,2,20,38,277,1
299,Nosepass,299,10,970,75,401,1
300,Skitty,300,6,110,52,403,1
301,Delcatty,301,11,326,140,404,1
302,Sableye,302,5,110,133,405,1
303,Mawile,303,6,115,133,407,1
304,Aron,304,4,600,66,409,1
305,Lairon,305,9,1200,151,410,1
306,Aggron,306,21,3600,265,411,1
307,Meditite,307,6,112,56,413,1
308,Medicham,308,13,315,144,414,1
309,Electrike,309,6,152,59,416,1
310,Manectric,310,15,402,166,417,1
311,Plusle,311,4,42,142,419,1
312,Minun,312,4,42,142,420,1
313,Volbeat,313,7,177,151,421,1
314,Illumise,314,6,177,151,422,1
315,Roselia,315,3,20,140,424,1
316,Gulpin,316,4,103,60,426,1
317,Swalot,317,17,800,163,427,1
318,Carvanha,318,8,208,61,428,1
319,Sharpedo,319,18,888,161,429,1
320,Wailmer,320,20,1300,80,431,1
321,Wailord,321,145,3980,175,432,1
322,Numel,322,7,240,61,433,1
323,Camerupt,323,19,2200,161,434,1
324,Torkoal,324,5,804,165,436,1
325,Spoink,325,7,306,66,437,1
326,Grumpig,326,9,715,165,438,1
327,Spinda,327,11,50,126,439,1
328,Trapinch,328,7,150,58,440,1
329,Vibrava,329,11,153,119,441,1
330,Flygon,330,20,820,260,442,1
331,Cacnea,331,4,513,67,443,1
332,Cacturne,332,13,774,166,444,1
333,Swablu,333,4,12,62,445,1
334,Altaria,334,11,206,172,446,1
335,Zangoose,335,13,403,160,448,1
336,Seviper,336,27,525,160,449,1
337,Lunatone,337,10,1680,161,450,1
338,Solrock,338,12,1540,161,451,1
339,Barboach,339,4,19,58,452,1
340,Whiscash,340,9,236,164,453,1
341,Corphish,341,6,115,62,454,1
342,Crawdaunt,342,11,328,164,455,1
343,Baltoy,343,5,215,60,456,1
344,Claydol,344,15,1080,175,457,1
345,Lileep,345,10,238,71,458,1
346,Cradily,346,15,604,173,459,1
347,Anorith,347,7,125,71,460,1
348,Armaldo,348,15,682,173,461,1
349,Feebas,349,6,74,40,462,1
350,Milotic,350,62,1620,189,463,1
351,Castform,351,3,8,147,464,1
352,Kecleon,352,10,220,154,468,1
353,Shuppet,353,6,23,59,469,1
354,Banette,354,11,125,159,470,1
355,Duskull,355,8,150,59,472,1
356,Dusclops,356,16,306,159,473,1
357,Tropius,357,20,1000,161,475,1
358,Chimecho,358,6,10,159,477,1
359,Absol,359,12,470,163,478,1
360,Wynaut,360,6,140,52,298,1
361,Snorunt,361,7,168,60,480,1
362,Glalie,362,15,2565,168,481,1
363,Spheal,363,8,395,58,484,1
364,Sealeo,364,11,876,144,485,1
365,Walrein,365,14,1506,265,486,1
366,Clamperl,366,4,525,69,487,1
367,Huntail,367,17,270,170,488,1
368,Gorebyss,368,18,226,170,489,1
369,Relicanth,369,10,234,170,490,1
370,Luvdisc,370,6,87,116,491,1
371,Bagon,371,6,421,60,492,1
372,Shelgon,372,11,1105,147,493,1
373,Salamence,373,15,1026,300,494,1
374,Beldum,374,6,952,60,496,1
375,Metang,375,12,2025,147,497,1
376,Metagross,376,16,5500,300,498,1
377,Regirock,377,17,2300,290,500,1
378,Regice,378,18,1750,290,501,1
379,Registeel,379,19,2050,290,502,1
380,Latias,380,14,400,300,503,1
381,Latios,381,20,600,300,505,1
382,Kyogre,382,45,3520,335,507,1
383,Groudon,383,35,9500,335,509,1
384,Rayquaza,384,70,2065,340,511,1
385,Jirachi,385,3,11,300,513,1
386,"Deoxys Normal",386,17,608,270,514,1
387,Turtwig,387,4,102,64,518,1
388,Grotle,388,11,970,142,519,1
389,Torterra,389,22,3100,236,520,1
390,Chimchar,390,5,62,62,521,1
391,Monferno,391,9,220,142,522,1
392,Infernape,392,12,550,240,523,1
393,Piplup,393,4,52,63,524,1
394,Prinplup,394,8,230,142,525,1
395,Empoleon,395,17,845,239,526,1
396,Starly,396,3,20,49,527,1
397,Staravia,397,6,155,119,528,1
398,Staraptor,398,12,249,218,529,1
399,Bidoof,399,5,200,50,530,1
400,Bibarel,400,10,315,144,531,1
401,Kricketot,401,3,22,39,532,1
402,Kricketune,402,10,255,134,533,1
403,Shinx,403,5,95,53,534,1
404,Luxio,404,9,305,127,535,1
405,Luxray,405,14,420,262,536,1
406,Budew,406,2,12,56,423,1
407,Roserade,407,9,145,258,425,1
408,Cranidos,408,9,315,70,537,1
409,Rampardos,409,16,1025,173,538,1
410,Shieldon,410,5,570,70,539,1
411,Bastiodon,411,13,1495,173,540,1
412,Burmy,412,2,34,45,541,1
413,"Wormadam Plant",413,5,65,148,542,1
414,Mothim,414,9,233,148,545,1
415,Combee,415,3,55,49,546,1
416,Vespiquen,416,12,385,166,547,1
417,Pachirisu,417,4,39,142,548,1
418,Buizel,418,7,295,66,549,1
419,Floatzel,419,11,335,173,550,1
420,Cherubi,420,4,33,55,551,1
421,Cherrim,421,5,93,158,552,1
422,Shellos,422,3,63,65,553,1
423,Gastrodon,423,9,299,166,554,1
424,Ambipom,424,12,203,169,286,1
425,Drifloon,425,4,12,70,555,1
426,Drifblim,426,12,150,174,556,1
427,Buneary,427,4,55,70,557,1
428,Lopunny,428,12,333,168,558,1
429,Mismagius,429,9,44,173,296,1
430,Honchkrow,430,9,273,177,294,1
431,Glameow,431,5,39,62,560,1
432,Purugly,432,10,438,158,561,1
433,Chingling,433,2,6,57,476,1
434,Stunky,434,4,192,66,562,1
435,Skuntank,435,10,380,168,563,1
436,Bronzor,436,5,605,60,564,1
437,Bronzong,437,13,1870,175,565,1
438,Bonsly,438,5,150,58,280,1
439,"Mime Jr",439,6,130,62,193,1
440,Happiny,440,6,244,110,179,1
441,Chatot,441,5,19,144,566,1
442,Spiritomb,442,10,1080,170,567,1
443,Gible,443,7,205,60,568,1
444,Gabite,444,14,560,144,569,1
445,Garchomp,445,19,950,300,570,1
446,Munchlax,446,6,1050,78,234,1
447,Riolu,447,7,202,57,572,1
448,Lucario,448,12,540,184,573,1
449,Hippopotas,449,8,495,66,575,1
450,Hippowdon,450,20,3000,184,576,1
451,Skorupi,451,8,120,66,577,1
452,Drapion,452,13,615,175,578,1
453,Croagunk,453,7,230,60,579,1
454,Toxicroak,454,13,444,172,580,1
455,Carnivine,455,14,270,159,581,1
456,Finneon,456,4,70,66,582,1
457,Lumineon,457,12,240,161,583,1
458,Mantyke,458,10,650,69,326,1
459,Snover,459,10,505,67,584,1
460,Abomasnow,460,22,1355,173,585,1
461,Weavile,461,11,340,179,313,1
462,Magnezone,462,12,1800,268,134,1
463,Lickilicky,463,17,1400,180,172,1
464,Rhyperior,464,24,2828,268,178,1
465,Tangrowth,465,20,1286,187,183,1
466,Electivire,466,18,1386,270,203,1
467,Magmortar,467,16,680,270,206,1
468,Togekiss,468,15,380,273,270,1
469,Yanmega,469,19,515,180,290,1
470,Leafeon,470,10,255,184,222,1
471,Glaceon,471,8,259,184,223,1
472,Gliscor,472,20,425,179,305,1
473,Mamoswine,473,25,2910,265,320,1
474,"Porygon Z",474,9,340,268,227,1
475,Gallade,475,16,520,259,384,1
476,Probopass,476,14,3400,184,402,1
477,Dusknoir,477,22,1066,263,474,1
478,Froslass,478,13,266,168,483,1
479,Rotom,479,3,3,154,587,1
480,Uxie,480,3,3,290,593,1
481,Mesprit,481,3,3,290,594,1
482,Azelf,482,3,3,290,595,1
483,Dialga,483,54,6830,340,596,1
484,Palkia,484,42,3360,340,597,1
485,Heatran,485,17,4300,300,598,1
486,Regigigas,486,37,4200,335,599,1
487,"Giratina Altered",487,45,7500,340,600,1
488,Cresselia,488,15,856,300,602,1
489,Phione,489,4,31,216,603,1
490,Manaphy,490,3,14,270,604,1
491,Darkrai,491,15,505,270,605,1
492,"Shaymin Land",492,2,21,270,606,1
493,Arceus,493,32,3200,324,608,1
494,Victini,494,4,40,300,609,1
495,Snivy,495,6,81,62,610,1
496,Servine,496,8,160,145,611,1
497,Serperior,497,33,630,238,612,1
498,Tepig,498,5,99,62,613,1
499,Pignite,499,10,555,146,614,1
500,Emboar,500,16,1500,238,615,1
501,Oshawott,501,5,59,62,616,1
502,Dewott,502,8,245,145,617,1
503,Samurott,503,15,946,238,618,1
504,Patrat,504,5,116,51,619,1
505,Watchog,505,11,270,147,620,1
506,Lillipup,506,4,41,55,621,1
507,Herdier,507,9,147,130,622,1
508,Stoutland,508,12,610,250,623,1
509,Purrloin,509,4,101,56,624,1
510,Liepard,510,11,375,156,625,1
511,Pansage,511,6,105,63,626,1
512,Simisage,512,11,305,174,627,1
513,Pansear,513,6,110,63,628,1
514,Simisear,514,10,280,174,629,1
515,Panpour,515,6,135,63,630,1
516,Simipour,516,10,290,174,631,1
517,Munna,517,6,233,58,632,1
518,Musharna,518,11,605,170,633,1
519,Pidove,519,3,21,53,634,1
520,Tranquill,520,6,150,125,635,1
521,Unfezant,521,12,290,244,636,1
522,Blitzle,522,8,298,59,637,1
523,Zebstrika,523,16,795,174,638,1
524,Roggenrola,524,4,180,56,639,1
525,Boldore,525,9,1020,137,640,1
526,Gigalith,526,17,2600,258,641,1
527,Woobat,527,4,21,65,642,1
528,Swoobat,528,9,105,149,643,1
529,Drilbur,529,3,85,66,644,1
530,Excadrill,530,7,404,178,645,1
531,Audino,531,11,310,390,646,1
532,Timburr,532,6,125,61,648,1
533,Gurdurr,533,12,400,142,649,1
534,Conkeldurr,534,14,870,253,650,1
535,Tympole,535,5,45,59,651,1
536,Palpitoad,536,8,170,134,652,1
537,Seismitoad,537,15,620,255,653,1
538,Throh,538,13,555,163,654,1
539,Sawk,539,14,510,163,655,1
540,Sewaddle,540,3,25,62,656,1
541,Swadloon,541,5,73,133,657,1
542,Leavanny,542,12,205,225,658,1
543,Venipede,543,4,53,52,659,1
544,Whirlipede,544,12,585,126,660,1
545,Scolipede,545,25,2005,243,661,1
546,Cottonee,546,3,6,56,662,1
547,Whimsicott,547,7,66,168,663,1
548,Petilil,548,5,66,56,664,1
549,Lilligant,549,11,163,168,665,1
550,"Basculin Red Striped",550,10,180,161,666,1
551,Sandile,551,7,152,58,668,1
552,Krokorok,552,10,334,123,669,1
553,Krookodile,553,15,963,260,670,1
554,Darumaka,554,6,375,63,671,1
555,"Darmanitan Standard",555,13,929,168,673,1
556,Maractus,556,10,280,161,677,1
557,Dwebble,557,3,145,65,678,1
558,Crustle,558,14,2000,170,679,1
559,Scraggy,559,6,118,70,680,1
560,Scrafty,560,11,300,171,681,1
561,Sigilyph,561,14,140,172,682,1
562,Yamask,562,5,15,61,683,1
563,Cofagrigus,563,17,765,169,685,1
564,Tirtouga,564,7,165,71,686,1
565,Carracosta,565,12,810,173,687,1
566,Archen,566,5,95,71,688,1
567,Archeops,567,14,320,177,689,1
568,Trubbish,568,6,310,66,690,1
569,Garbodor,569,19,1073,166,691,1
570,Zorua,570,7,125,66,692,1
571,Zoroark,571,16,811,179,693,1
572,Minccino,572,4,58,60,694,1
573,Cinccino,573,5,75,165,695,1
574,Gothita,574,4,58,58,696,1
575,Gothorita,575,7,180,137,697,1
576,Gothitelle,576,15,440,245,698,1
577,Solosis,577,3,10,58,699,1
578,Duosion,578,6,80,130,700,1
579,Reuniclus,579,10,201,245,701,1
580,Ducklett,580,5,55,61,702,1
581,Swanna,581,13,242,166,703,1
582,Vanillite,582,4,57,61,704,1
583,Vanillish,583,11,410,138,705,1
584,Vanilluxe,584,13,575,268,706,1
585,Deerling,585,6,195,67,707,1
586,Sawsbuck,586,19,925,166,708,1
587,Emolga,587,4,50,150,709,1
588,Karrablast,588,5,59,63,710,1
589,Escavalier,589,10,330,173,711,1
590,Foongus,590,2,10,59,712,1
591,Amoonguss,591,6,105,162,713,1
592,Frillish,592,12,330,67,714,1
593,Jellicent,593,22,1350,168,715,1
594,Alomomola,594,12,316,165,716,1
595,Joltik,595,1,6,64,717,1
596,Galvantula,596,8,143,165,718,1
597,Ferroseed,597,6,188,61,719,1
598,Ferrothorn,598,10,1100,171,720,1
599,Klink,599,3,210,60,721,1
600,Klang,600,6,510,154,722,1
601,Klinklang,601,6,810,260,723,1
602,Tynamo,602,2,3,55,724,1
603,Eelektrik,603,12,220,142,725,1
604,Eelektross,604,21,805,232,726,1
605,Elgyem,605,5,90,67,727,1
606,Beheeyem,606,10,345,170,728,1
607,Litwick,607,3,31,55,729,1
608,Lampent,608,6,130,130,730,1
609,Chandelure,609,10,343,260,731,1
610,Axew,610,6,180,64,732,1
611,Fraxure,611,10,360,144,733,1
612,Haxorus,612,18,1055,270,734,1
613,Cubchoo,613,5,85,61,735,1
614,Beartic,614,26,2600,177,736,1
615,Cryogonal,615,11,1480,180,737,1
616,Shelmet,616,4,77,61,738,1
617,Accelgor,617,8,253,173,739,1
618,Stunfisk,618,7,110,165,740,1
619,Mienfoo,619,9,200,70,742,1
620,Mienshao,620,14,355,179,743,1
621,Druddigon,621,16,1390,170,744,1
622,Golett,622,10,920,61,745,1
623,Golurk,623,28,3300,169,746,1
624,Pawniard,624,5,102,68,747,1
625,Bisharp,625,16,700,172,748,1
626,Bouffalant,626,16,946,172,749,1
627,Rufflet,627,5,105,70,750,1
628,Braviary,628,15,410,179,751,1
629,Vullaby,629,5,90,74,752,1
630,Mandibuzz,630,12,395,179,753,1
631,Heatmor,631,14,580,169,754,1
632,Durant,632,3,330,169,755,1
633,Deino,633,8,173,60,756,1
634,Zweilous,634,14,500,147,757,1
635,Hydreigon,635,18,1600,300,758,1
636,Larvesta,636,11,288,72,759,1
637,Volcarona,637,16,460,275,760,1
638,Cobalion,638,21,2500,290,761,1
639,Terrakion,639,19,2600,290,762,1
640,Virizion,640,20,2000,290,763,1
641,"Tornadus Incarnate",641,15,630,290,764,1
642,"Thundurus Incarnate",642,15,610,290,766,1
643,Reshiram,643,32,3300,340,768,1
644,Zekrom,644,29,3450,340,769,1
645,"Landorus Incarnate",645,15,680,300,770,1
646,Kyurem,646,30,3250,330,772,1
647,"Keldeo Ordinary",647,14,485,290,775,1
648,"Meloetta Aria",648,6,65,270,777,1
649,Genesect,649,15,825,300,779,1
650,Chespin,650,4,90,63,780,1
651,Quilladin,651,7,290,142,781,1
652,Chesnaught,652,16,900,239,782,1
653,Fennekin,653,4,94,61,783,1
654,Braixen,654,10,145,143,784,1
655,Delphox,655,15,390,240,785,1
656,Froakie,656,3,70,63,786,1
657,Frogadier,657,6,109,142,787,1
658,Greninja,658,15,400,239,788,1
659,Bunnelby,659,4,50,47,791,1
660,Diggersby,660,10,424,148,792,1
661,Fletchling,661,3,17,56,793,1
662,Fletchinder,662,7,160,134,794,1
663,Talonflame,663,12,245,175,795,1
664,Scatterbug,664,3,25,40,796,1
665,Spewpa,665,3,84,75,797,1
666,Vivillon,666,12,170,185,798,1
667,Litleo,667,6,135,74,799,1
668,Pyroar,668,15,815,177,800,1
669,Flabebe,669,1,1,61,801,1
670,Floette,670,2,9,130,802,1
671,Florges,671,11,100,248,804,1
672,Skiddo,672,9,310,70,805,1
673,Gogoat,673,17,910,186,806,1
674,Pancham,674,6,80,70,807,1
675,Pangoro,675,21,1360,173,808,1
676,Furfrou,676,12,280,165,809,1
677,Espurr,677,3,35,71,810,1
678,"Meowstic Male",678,6,85,163,811,1
679,Honedge,679,8,20,65,813,1
680,Doublade,680,8,45,157,814,1
681,"Aegislash Shield",681,17,530,250,815,1
682,Spritzee,682,2,5,68,817,1
683,Aromatisse,683,8,155,162,818,1
684,Swirlix,684,4,35,68,819,1
685,Slurpuff,685,8,50,168,820,1
686,Inkay,686,4,35,58,821,1
687,Malamar,687,15,470,169,822,1
688,Binacle,688,5,310,61,823,1
689,Barbaracle,689,13,960,175,824,1
690,Skrelp,690,5,73,64,825,1
691,Dragalge,691,18,815,173,826,1
692,Clauncher,692,5,83,66,827,1
693,Clawitzer,693,13,353,100,828,1
694,Helioptile,694,5,60,58,829,1
695,Heliolisk,695,10,210,168,830,1
696,Tyrunt,696,8,260,72,831,1
697,Tyrantrum,697,25,2700,182,832,1
698,Amaura,698,13,252,72,833,1
699,Aurorus,699,27,2250,104,834,1
700,Sylveon,700,10,235,184,224,1
701,Hawlucha,701,8,215,175,835,1
702,Dedenne,702,2,22,151,836,1
703,Carbink,703,3,57,100,837,1
704,Goomy,704,3,28,60,838,1
705,Sliggoo,705,8,175,158,839,1
706,Goodra,706,20,1505,300,840,1
707,Klefki,707,2,30,165,841,1
708,Phantump,708,4,70,62,842,1
709,Trevenant,709,15,710,166,843,1
710,"Pumpkaboo Average",710,4,50,67,844,1
711,"Gourgeist Average",711,9,125,173,848,1
712,Bergmite,712,10,995,61,852,1
713,Avalugg,713,20,5050,180,853,1
714,Noibat,714,5,80,49,854,1
715,Noivern,715,15,850,187,855,1
716,Xerneas,716,30,2150,340,856,1
717,Yveltal,717,58,2030,340,857,1
718,"Zygarde 50",718,50,3050,300,858,1
719,Diancie,719,7,88,300,863,1
720,Hoopa,720,5,90,270,865,1
721,Volcanion,721,17,1950,300,867,1
722,Rowlet,722,3,15,64,868,1
723,Dartrix,723,7,160,147,869,1
724,Decidueye,724,16,366,265,870,1
725,Litten,725,4,43,64,871,1
726,Torracat,726,7,250,147,872,1
727,Incineroar,727,18,830,265,873,1
728,Popplio,728,4,75,64,874,1
729,Brionne,729,6,175,147,875,1
730,Primarina,730,18,440,265,876,1
731,Pikipek,731,3,12,53,877,1
732,Trumbeak,732,6,148,124,878,1
733,Toucannon,733,11,260,218,879,1
734,Yungoos,734,4,60,51,880,1
735,Gumshoos,735,7,142,146,881,1
736,Grubbin,736,4,44,60,883,1
737,Charjabug,737,5,105,140,884,1
738,Vikavolt,738,15,450,250,885,1
739,Crabrawler,739,6,70,68,887,1
740,Crabominable,740,17,1800,167,888,1
741,"Oricorio Baile",741,6,34,167,889,1
742,Cutiefly,742,1,2,61,893,1
743,Ribombee,743,2,5,162,894,1
744,Rockruff,744,5,92,56,896,1
745,"Lycanroc Midday",745,8,250,170,898,1
746,"Wishiwashi Solo",746,2,3,61,901,1
747,Mareanie,747,4,80,61,903,1
748,Toxapex,748,7,145,173,904,1
749,Mudbray,749,10,1100,77,905,1
750,Mudsdale,750,25,9200,175,906,1
751,Dewpider,751,3,40,54,907,1
752,Araquanid,752,18,820,159,908,1
753,Fomantis,753,3,15,50,910,1
754,Lurantis,754,9,185,168,911,1
755,Morelull,755,2,15,57,913,1
756,Shiinotic,756,10,115,142,914,1
757,Salandit,757,6,48,64,915,1
758,Salazzle,758,12,222,168,916,1
759,Stufful,759,5,68,68,918,1
760,Bewear,760,21,1350,175,919,1
761,Bounsweet,761,3,32,42,920,1
762,Steenee,762,7,82,102,921,1
763,Tsareena,763,12,214,255,922,1
764,Comfey,764,1,3,170,923,1
765,Oranguru,765,15,760,172,924,1
766,Passimian,766,20,828,172,925,1
767,Wimpod,767,5,120,46,926,1
768,Golisopod,768,20,1080,186,927,1
769,Sandygast,769,5,700,64,928,1
770,Palossand,770,13,2500,168,929,1
771,Pyukumuku,771,3,12,144,930,1
772,"Type Null",772,19,1205,107,931,1
773,Silvally,773,23,1005,285,932,1
774,"Minior Red Meteor",774,3,400,154,933,1
775,Komala,775,4,199,168,947,1
776,Turtonator,776,20,2120,170,948,1
777,Togedemaru,777,3,33,152,949,1
778,"Mimikyu Disguised",778,2,7,167,951,1
779,Bruxish,779,9,190,166,955,1
780,Drampa,780,30,1850,170,956,1
781,Dhelmise,781,39,2100,181,957,1
782,"Jangmo O",782,6,297,60,958,1
783,"Hakamo O",783,12,470,147,959,1
784,"Kommo O",784,16,782,300,960,1
785,"Tapu Koko",785,18,205,285,962,1
786,"Tapu Lele",786,12,186,285,963,1
787,"Tapu Bulu",787,19,455,285,964,1
788,"Tapu Fini",788,13,212,285,965,1
789,Cosmog,789,2,1,40,966,1
790,Cosmoem,790,1,9999,140,967,1
791,Solgaleo,791,34,2300,340,968,1
792,Lunala,792,40,1200,340,969,1
793,Nihilego,793,12,555,285,970,1
794,Buzzwole,794,24,3336,285,971,1
795,Pheromosa,795,18,250,285,972,1
796,Xurkitree,796,38,1000,285,973,1
797,Celesteela,797,92,9999,285,974,1
798,Kartana,798,3,1,285,975,1
799,Guzzlord,799,55,8880,285,976,1
800,Necrozma,800,24,2300,300,977,1
801,Magearna,801,10,805,300,981,1
802,Marshadow,802,7,222,300,983,1
803,Poipole,803,6,18,210,984,1
804,Naganadel,804,36,1500,270,985,1
805,Stakataka,805,55,8200,285,986,1
806,Blacephalon,806,18,130,285,987,1
807,Zeraora,807,15,445,300,988,1
808,Meltan,808,2,80,150,989,1
809,Melmetal,809,25,8000,300,990,1
810,Grookey,810,3,50,62,991,1
811,Thwackey,811,7,140,147,992,1
812,Rillaboom,812,21,900,265,993,1
813,Scorbunny,813,3,45,62,994,1
814,Raboot,814,6,90,147,995,1
815,Cinderace,815,14,330,265,996,1
816,Sobble,816,3,40,62,997,1
817,Drizzile,817,7,115,147,998,1
818,Inteleon,818,19,452,265,999,1
819,Skwovet,819,3,25,55,1000,1
820,Greedent,820,6,60,161,1001,1
821,Rookidee,821,2,18,49,1002,1
822,Corvisquire,822,8,160,128,1003,1
823,Corviknight,823,22,750,248,1004,1
824,Blipbug,824,4,80,36,1005,1
825,Dottler,825,4,195,117,1006,1
826,Orbeetle,826,4,408,253,1007,1
827,Nickit,827,6,89,49,1008,1
828,Thievul,828,12,199,159,1009,1
829,Gossifleur,829,4,22,50,1010,1
830,Eldegoss,830,5,25,161,1011,1
831,Wooloo,831,6,60,122,1012,1
832,Dubwool,832,13,430,172,1013,1
833,Chewtle,833,3,85,57,1014,1
834,Drednaw,834,10,1155,170,1015,1
835,Yamper,835,3,135,54,1016,1
836,Boltund,836,10,340,172,1017,1
837,Rolycoly,837,3,120,48,1018,1
838,Carkol,838,11,780,144,1019,1
839,Coalossal,839,28,3105,255,1020,1
840,Applin,840,2,5,52,1021,1
841,Flapple,841,3,10,170,1022,1
842,Appletun,842,4,130,170,1023,1
843,Silicobra,843,22,76,63,1024,1
844,Sandaconda,844,38,655,179,1025,1
845,Cramorant,845,8,180,166,1026,1
846,Arrokuda,846,5,10,56,1029,1
847,Barraskewda,847,13,300,172,1030,1
848,Toxel,848,4,110,48,1031,1
849,"Toxtricity Amped",849,16,400,176,1032,1
850,Sizzlipede,850,7,10,61,1034,1
851,Centiskorch,851,30,1200,184,1035,1
852,Clobbopus,852,6,40,62,1036,1
853,Grapploct,853,16,390,168,1037,1
854,Sinistea,854,1,2,62,1038,1
855,Polteageist,855,2,4,178,1039,1
856,Hatenna,856,4,34,53,1040,1
857,Hattrem,857,6,48,130,1041,1
858,Hatterene,858,21,51,255,1042,1
859,Impidimp,859,4,55,53,1043,1
860,Morgrem,860,8,125,130,1044,1
861,Grimmsnarl,861,15,610,255,1045,1
862,Obstagoon,862,16,460,260,1046,1
863,Perrserker,863,8,280,154,1047,1
864,Cursola,864,10,4,179,1048,1
865,Sirfetchd,865,8,1170,177,1049,1
866,"Mr Rime",866,15,582,182,1050,1
867,Runerigus,867,16,666,169,1051,1
868,Milcery,868,2,3,54,1052,1
869,Alcremie,869,3,5,173,1053,1
870,Falinks,870,30,620,165,1054,1
871,Pincurchin,871,3,10,152,1055,1
872,Snom,872,3,38,37,1056,1
873,Frosmoth,873,13,420,166,1057,1
874,Stonjourner,874,25,5200,165,1058,1
875,"Eiscue Ice",875,14,890,165,1059,1
876,"Indeedee Male",876,9,280,166,1061,1
877,"Morpeko Full Belly",877,3,30,153,1063,1
878,Cufant,878,12,1000,66,1065,1
879,Copperajah,879,30,6500,175,1066,1
880,Dracozolt,880,18,1900,177,1067,1
881,Arctozolt,881,23,1500,177,1068,1
882,Dracovish,882,23,2150,177,1069,1
883,Arctovish,883,20,1750,177,1070,1
884,Duraludon,884,18,400,187,1071,1
885,Dreepy,885,5,20,54,1072,1
886,Drakloak,886,14,110,144,1073,1
887,Dragapult,887,30,500,300,1074,1
888,Zacian,888,28,1100,335,1075,1
889,Zamazenta,889,29,2100,335,1077,1
890,Eternatus,890,200,9500,345,1079,1
891,Kubfu,891,6,120,77,1081,1
892,"Urshifu Single Strike",892,19,1050,275,1082,1
893,Zarude,893,18,700,300,1084,1
894,Regieleki,894,12,1450,290,1086,1
895,Regidrago,895,21,2000,290,1087,1
896,Glastrier,896,22,8000,290,1088,1
897,Spectrier,897,20,445,290,1089,1
898,Calyrex,898,11,77,250,1090,1
899,Wyrdeer,899,18,951,263,,1
900,Kleavor,900,18,890,175,,1
901,Ursaluna,901,24,2900,275,,1
902,"Basculegion Male",902,30,1100,265,,1
903,Sneasler,903,13,430,102,,1
904,Overqwil,904,25,605,179,,1
905,"Enamorus Incarnate",905,16,480,116,,1
906,Sprigatito,906,4,41,62,906,1
907,Floragato,907,9,122,144,907,1
908,Meowscarada,908,15,312,265,908,1
909,Fuecoco,909,4,98,62,909,1
910,Crocalor,910,10,307,144,910,1
911,Skeledirge,911,16,3265,265,911,1
912,Quaxly,912,5,61,62,912,1
913,Quaxwell,913,12,215,144,913,1
914,Quaquaval,914,18,619,265,914,1
915,Lechonk,915,5,102,51,915,1
916,"Oinkologne Male",916,10,1200,171,916,1
917,Tarountula,917,3,40,42,918,1
918,Spidops,918,10,165,141,919,1
919,Nymble,919,2,10,42,920,1
920,Lokix,920,10,175,158,921,1
921,Pawmi,921,3,25,48,954,1
922,Pawmo,922,4,65,123,955,1
923,Pawmot,923,9,410,245,956,1
924,Tandemaus,924,3,18,61,945,1
925,"Maushold Family Of Four",925,3,23,165,946,1
926,Fidough,926,3,109,62,970,1
927,Dachsbun,927,5,149,167,971,1
928,Smoliv,928,3,65,52,935,1
929,Dolliv,929,6,119,124,936,1
930,Arboliva,930,14,482,255,937,1
931,"Squawkabilly Green Plumage",931,6,24,146,960,1
932,Nacli,932,4,160,56,963,1
933,Naclstack,933,6,1050,124,964,1
934,Garganacl,934,23,2400,250,965,1
935,Charcadet,935,6,105,51,1003,1
936,Armarouge,936,15,850,263,1004,1
937,Ceruledge,937,16,620,263,1005,1
938,Tadbulb,938,3,4,54,940,1
939,Bellibolt,939,12,1130,173,941,1
940,Wattrel,940,4,36,56,957,1
941,Kilowattrel,941,14,386,172,958,1
942,Maschiff,942,5,160,68,972,1
943,Mabosstiff,943,11,610,177,973,1
944,Shroodle,944,2,7,58,968,1
945,Grafaiai,945,7,272,170,969,1
946,Bramblin,946,6,6,55,974,1
947,Brambleghast,947,12,60,168,975,1
948,Toedscool,948,9,330,67,1006,1
949,Toedscruel,949,19,580,180,1007,1
950,Klawf,950,13,790,158,962,1
951,Capsakid,951,3,30,61,938,1
952,Scovillain,952,9,150,170,939,1
953,Rellor,953,2,10,54,922,1
954,Rabsca,954,3,35,165,923,1
955,Flittle,955,2,15,51,926,1
956,Espathra,956,19,900,168,927,1
957,Tinkatink,957,4,89,59,1000,1
958,Tinkatuff,958,7,591,133,1001,1
959,Tinkaton,959,7,1128,253,1002,1
960,Wiglett,960,12,18,49,929,1
961,Wugtrio,961,12,54,149,930,1
962,Bombirdier,962,15,429,243,959,1
963,Finizen,963,13,602,63,933,1
964,"Palafin Zero",964,13,602,160,934,1
965,Varoom,965,10,350,60,942,1
966,Revavroom,966,18,1200,175,943,1
967,Cyclizar,967,16,630,175,953,1
968,Orthworm,968,25,3100,240,944,1
969,Glimmet,969,7,80,70,966,1
970,Glimmora,970,15,450,184,967,1
971,Greavard,971,6,350,58,924,1
972,Houndstone,972,20,150,171,925,1
973,Flamigo,973,16,370,175,961,1
974,Cetoddle,974,12,450,67,947,1
975,Cetitan,975,45,7000,182,948,1
976,Veluza,976,25,900,167,932,1
977,Dondozo,977,120,2200,265,931,1
978,"Tatsugiri Curly",978,3,80,166,952,1
979,Annihilape,979,12,560,268,1010,1
980,Clodsire,980,18,2230,151,1009,1
981,Farigiraf,981,32,1600,260,928,1
982,"Dudunsparce Two Segment",982,36,392,182,917,1
983,Kingambit,983,20,1200,275,1008,1
984,"Great Tusk",984,22,3200,285,978,1
985,"Scream Tail",985,12,80,285,982,1
986,"Brute Bonnet",986,12,210,285,979,1
987,"Flutter Mane",987,14,40,285,983,1
988,"Slither Wing",988,32,920,285,984,1
989,"Sandy Shocks",989,23,600,285,981,1
990,"Iron Treads",990,9,2400,285,986,1
991,"Iron Bundle",991,6,110,285,992,1
992,"Iron Hands",992,18,3807,285,989,1
993,"Iron Jugulis",993,13,1110,285,990,1
994,"Iron Moth",994,12,360,285,988,1
995,"Iron Thorns",995,16,3030,285,991,1
996,Frigibax,996,5,170,64,949,1
997,Arctibax,997,8,300,148,950,1
998,Baxcalibur,998,21,2100,300,951,1
999,Gimmighoul,999,3,50,60,976,1
1000,Gholdengo,1000,12,300,275,977,1
1001,"Wo Chien",1001,15,742,285,996,1
1002,"Chien Pao",1002,19,1522,285,995,1
1003,"Ting Lu",1003,27,6997,285,994,1
1004,"Chi Yu",1004,4,49,285,997,1
1005,"Roaring Moon",1005,20,3800,295,985,1
1006,"Iron Valiant",1006,14,350,295,993,1
1007,Koraidon,1007,25,3030,335,998,1
1008,Miraidon,1008,35,2400,335,999,1
1009,"Walking Wake",1009,35,2800,295,1093,1
1010,"Iron Leaves",1010,15,1250,295,1094,1
1011,Dipplin,1011,4,97,170,1095,1
1012,Poltchageist,1012,1,11,62,1096,1
1013,Sinistcha,1013,2,22,178,1097,1
1014,Okidogi,1014,18,922,278,1098,1
1015,Munkidori,1015,10,122,278,1099,1
1016,Fezandipiti,1016,14,301,278,1100,1
1017,Ogerpon,1017,12,398,275,1101,1
1018,Archaludon,1018,20,600,300,1102,1
1019,Hydrapple,1019,18,930,270,1103,1
1020,"Gouging Fire",1020,35,5900,295,1104,1
1021,"Raging Bolt",1021,52,4800,295,1105,1
1022,"Iron Boulder",1022,15,1625,295,1106,1
1023,"Iron Crown",1023,16,1560,295,1107,1
1024,Terapagos,1024,2,65,90,1108,1
1025,Pecharunt,1025,3,3,300,1109,1
10001,"Deoxys Attack",386,17,608,270,515,0
10002,"Deoxys Defense",386,17,608,270,516,0
10003,"Deoxys Speed",386,17,608,270,517,0
10004,"Wormadam Sandy",413,5,65,148,543,0
10005,"Wormadam Trash",413,5,65,148,544,0
10006,"Shaymin Sky",492,4,52,270,607,0
10007,"Giratina Origin",487,69,6500,340,601,0
10008,"Rotom Heat",479,3,3,182,588,0
10009,"Rotom Wash",479,3,3,182,589,0
10010,"Rotom Frost",479,3,3,182,590,0
10011,"Rotom Fan",479,3,3,182,591,0
10012,"Rotom Mow",479,3,3,182,592,0
10013,"Castform Sunny",351,3,8,147,465,0
10014,"Castform Rainy",351,3,8,147,466,0
10015,"Castform Snowy",351,3,8,147,467,0
10016,"Basculin Blue Striped",550,10,180,161,667,0
10017,"Darmanitan Zen",555,13,929,189,674,0
10018,"Meloetta Pirouette",648,6,65,270,778,0
10019,"Tornadus Therian",641,14,630,290,765,0
10020,"Thundurus Therian",642,30,610,290,767,0
10021,"Landorus Therian",645,13,680,300,771,0
10022,"Kyurem Black",646,33,3250,350,774,0
10023,"Kyurem White",646,36,3250,350,773,0
10024,"Keldeo Resolute",647,14,485,290,776,0
10025,"Meowstic Female",678,6,85,163,812,0
10026,"Aegislash Blade",681,17,530,250,816,0
10027,"Pumpkaboo Small",710,3,35,67,845,0
10028,"Pumpkaboo Large",710,5,75,67,846,0
10029,"Pumpkaboo Super",710,8,150,67,847,0
10030,"Gourgeist Small",711,7,95,173,849,0
10031,"Gourgeist Large",711,11,140,173,850,0
10032,"Gourgeist Super",711,17,390,173,851,0
10033,"Venusaur Mega",3,24,1555,281,4,0
10034,"Charizard Mega X",6,17,1105,285,8,0
10035,"Charizard Mega Y",6,17,1005,285,9,0
10036,"Blastoise Mega",9,16,1011,284,13,0
10037,"Alakazam Mega",65,12,480,270,106,0
10038,"Gengar Mega",94,14,405,270,150,0
10039,"Kangaskhan Mega",115,22,1000,207,185,0
10040,"Pinsir Mega",127,17,590,210,208,0
10041,"Gyarados Mega",130,65,3050,224,212,0
10042,"Aerodactyl Mega",142,21,790,215,233,0
10043,"Mewtwo Mega X",150,23,1270,351,246,0
10044,"Mewtwo Mega Y",150,15,330,351,247,0
10045,"Ampharos Mega",181,14,615,275,276,0
10046,"Scizor Mega",212,20,1250,210,198,0
10047,"Heracross Mega",214,17,625,210,311,0
10048,"Houndoom Mega",229,19,495,210,331,0
10049,"Tyranitar Mega",248,25,2550,315,343,0
10050,"Blaziken Mega",257,19,520,284,354,0
10051,"Gardevoir Mega",282,16,484,278,383,0
10052,"Mawile Mega",303,10,235,168,408,0
10053,"Aggron Mega",306,22,3950,284,412,0
10054,"Medicham Mega",308,13,315,179,415,0
10055,"Manectric Mega",310,18,440,201,418,0
10056,"Banette Mega",354,12,130,194,471,0
10057,"Absol Mega",359,12,490,198,479,0
10058,"Garchomp Mega",445,19,950,315,571,0
10059,"Lucario Mega",448,13,575,219,574,0
10060,"Abomasnow Mega",460,27,1850,208,586,0
10061,"Floette Eternal",670,2,9,243,803,0
10062,"Latias Mega",380,18,520,315,504,0
10063,"Latios Mega",381,23,700,315,506,0
10064,"Swampert Mega",260,19,1020,286,358,0
10065,"Sceptile Mega",254,19,552,284,350,0
10066,"Sableye Mega",302,5,1610,168,406,0
10067,"Altaria Mega",334,15,206,207,447,0
10068,"Gallade Mega",475,16,564,278,385,0
10069,"Audino Mega",531,15,320,425,647,0
10070,"Sharpedo Mega",319,25,1303,196,430,0
10071,"Slowbro Mega",80,20,1200,207,128,0
10072,"Steelix Mega",208,105,7400,214,153,0
10073,"Pidgeot Mega",18,22,505,261,24,0
10074,"Glalie Mega",362,21,3502,203,482,0
10075,"Diancie Mega",719,11,278,315,864,0
10076,"Metagross Mega",376,25,9429,315,499,0
10077,"Kyogre Primal",382,98,4300,347,508,0
10078,"Groudon Primal",383,50,9997,347,510,0
10079,"Rayquaza Mega",384,108,3920,351,512,0
10080,"Pikachu Rock Star",25,4,60,112,37,0
10081,"Pikachu Belle",25,4,60,112,38,0
10082,"Pikachu Pop Star",25,4,60,112,39,0
10083,"Pikachu Phd",25,4,60,112,40,0
10084,"Pikachu Libre",25,4,60,112,41,0
10085,"Pikachu Cosplay",25,4,60,112,36,0
10086,"Hoopa Unbound",720,65,4900,306,866,0
10087,"Camerupt Mega",323,25,3205,196,435,0
10088,"Lopunny Mega",428,13,283,203,559,0
10089,"Salamence Mega",373,18,1126,315,495,0
10090,"Beedrill Mega",15,14,405,223,20,0
10091,"Rattata Alola",19,3,38,51,26,0
10092,"Raticate Alola",20,7,255,145,28,0
10093,"Raticate Totem Alola",20,14,1050,145,29,0
10094,"Pikachu Original Cap",25,4,60,112,42,0
10095,"Pikachu Hoenn Cap",25,4,60,112,43,0
10096,"Pikachu Sinnoh Cap",25,4,60,112,44,0
10097,"Pikachu Unova Cap",25,4,60,112,45,0
10098,"Pikachu Kalos Cap",25,4,60,112,46,0
10099,"Pikachu Alola Cap",25,4,60,112,47,0
10100,"Raichu Alola",26,7,210,243,52,0
10101,"Sandshrew Alola",27,7,400,60,54,0
10102,"Sandslash Alola",28,12,550,158,56,0
10103,"Vulpix Alola",37,6,99,60,67,0
10104,"Ninetales Alola",38,11,199,177,69,0
10105,"Diglett Alola",50,2,10,53,85,0
10106,"Dugtrio Alola",51,7,666,149,87,0
10107,"Meowth Alola",52,4,42,58,89,0
10108,"Persian Alola",53,11,330,154,92,0
10109,"Geodude Alola",74,4,203,60,116,0
10110,"Graveler Alola",75,10,1100,137,118,0
10111,"Golem Alola",76,17,3160,223,120,0
10112,"Grimer Alola",88,7,420,65,142,0
10113,"Muk Alola",89,10,520,175,144,0
10114,"Exeggutor Alola",103,109,4156,186,162,0
10115,"Marowak Alola",105,10,340,149,165,0
10116,"Greninja Battle Bond",658,15,400,239,789,0
10117,"Greninja Ash",658,15,400,288,790,0
10118,"Zygarde 10 Power Construct",718,12,335,243,860,0
10119,"Zygarde 50 Power Construct",718,50,3050,300,861,0
10120,"Zygarde Complete",718,45,6100,354,862,0
10121,"Gumshoos Totem",735,14,600,146,882,0
10122,"Vikavolt Totem",738,26,1475,225,886,0
10123,"Oricorio Pom Pom",741,6,34,167,890,0
10124,"Oricorio Pau",741,6,34,167,891,0
10125,"Oricorio Sensu",741,6,34,167,892,0
10126,"Lycanroc Midnight",745,11,250,170,899,0
10127,"Wishiwashi School",746,82,786,217,902,0
10128,"Lurantis Totem",754,15,580,168,912,0
10129,"Salazzle Totem",758,21,810,168,917,0
10130,"Minior Orange Meteor",774,3,400,154,934,0
10131,"Minior Yellow Meteor",774,3,400,154,935,0
10132,"Minior Green Meteor",774,3,400,154,936,0
10133,"Minior Blue Meteor",774,3,400,154,937,0
10134,"Minior Indigo Meteor",774,3,400,154,938,0
10135,"Minior Violet Meteor",774,3,400,154,939,0
10136,"Minior Red",774,3,3,175,940,0
10137,"Minior Orange",774,3,3,175,941,0
10138,"Minior Yellow",774,3,3,175,942,0
10139,"Minior Green",774,3,3,175,943,0
10140,"Minior Blue",774,3,3,175,944,0
10141,"Minior Indigo",774,3,3,175,945,0
10142,"Minior Violet",774,3,3,175,946,0
10143,"Mimikyu Busted",778,2,7,167,952,0
10144,"Mimikyu Totem Disguised",778,4,28,167,953,0
10145,"Mimikyu Totem Busted",778,4,28,167,954,0
10146,"Kommo O Totem",784,24,2075,270,961,0
10147,"Magearna Original",801,10,805,300,982,0
10148,"Pikachu Partner Cap",25,4,60,112,48,0
10149,"Marowak Totem",105,17,980,149,166,0
10150,"Ribombee Totem",743,4,20,162,895,0
10151,"Rockruff Own Tempo",744,5,92,56,897,0
10152,"Lycanroc Dusk",745,8,250,170,900,0
10153,"Araquanid Totem",752,31,2175,159,909,0
10154,"Togedemaru Totem",777,6,130,152,950,0
10155,"Necrozma Dusk",800,38,4600,340,978,0
10156,"Necrozma Dawn",800,42,3500,340,979,0
10157,"Necrozma Ultra",800,75,2300,339,980,0
10158,"Pikachu Starter",25,4,60,86,49,0
10159,"Eevee Starter",133,3,65,87,216,0
10160,"Pikachu World Cap",25,4,60,112,50,0
10161,"Meowth Galar",52,4,75,58,90,0
10162,"Ponyta Galar",77,8,240,82,122,0
10163,"Rapidash Galar",78,17,800,175,124,0
10164,"Slowpoke Galar",79,12,360,63,126,0
10165,"Slowbro Galar",80,16,705,172,129,0
10166,"Farfetchd Galar",83,8,420,132,136,0
10167,"Weezing Galar",110,30,160,172,175,0
10168,"Mr Mime Galar",122,14,568,161,195,0
10169,"Articuno Galar",144,17,509,290,237,0
10170,"Zapdos Galar",145,16,582,290,239,0
10171,"Moltres Galar",146,20,660,290,241,0
10172,"Slowking Galar",199,18,795,172,131,0
10173,"Corsola Galar",222,6,5,144,322,0
10174,"Zigzagoon Galar",263,4,175,56,362,0
10175,"Linoone Galar",264,5,325,147,364,0
10176,"Darumaka Galar",554,7,400,63,672,0
10177,"Darmanitan Galar Standard",555,17,1200,168,675,0
10178,"Darmanitan Galar Zen",555,17,1200,189,676,0
10179,"Yamask Galar",562,5,15,61,684,0
10180,"Stunfisk Galar",618,7,205,165,741,0
10181,"Zygarde 10",718,12,335,243,859,0
10182,"Cramorant Gulping",845,8,180,166,1027,0
10183,"Cramorant Gorging",845,8,180,166,1028,0
10184,"Toxtricity Low Key",849,16,400,176,1033,0
10185,"Eiscue Noice",875,14,890,165,1060,0
10186,"Indeedee Female",876,9,280,166,1062,0
10187,"Morpeko Hangry",877,3,30,153,1064,0
10188,"Zacian Crowned",888,28,3550,360,1076,0
10189,"Zamazenta Crowned",889,29,7850,360,1078,0
10190,"Eternatus Eternamax",890,1000,0,563,1080,0
10191,"Urshifu Rapid Strike",892,19,1050,275,1083,0
10192,"Zarude Dada",893,18,700,300,1085,0
10193,"Calyrex Ice",898,24,8091,340,1091,0
10194,"Calyrex Shadow",898,24,536,340,1092,0
10195,"Venusaur Gmax",3,240,10000,236,,0
10196,"Charizard Gmax",6,280,10000,240,,0
10197,"Blastoise Gmax",9,250,10000,239,,0
10198,"Butterfree Gmax",12,170,10000,178,,0
10199,"Pikachu Gmax",25,210,10000,112,,0
10200,"Meowth Gmax",52,330,10000,58,,0
10201,"Machamp Gmax",68,250,10000,227,,0
10202,"Gengar Gmax",94,200,10000,225,,0
10203,"Kingler Gmax",99,190,10000,166,,0
10204,"Lapras Gmax",131,240,10000,187,,0
10205,"Eevee Gmax",133,180,10000,65,,0
10206,"Snorlax Gmax",143,350,10000,189,,0
10207,"Garbodor Gmax",569,210,10000,166,,0
10208,"Melmetal Gmax",809,250,10000,270,,0
10209,"Rillaboom Gmax",812,280,10000,265,,0
10210,"Cinderace Gmax",815,270,10000,265,,0
10211,"Inteleon Gmax",818,400,10000,265,,0
10212,"Corviknight Gmax",823,140,10000,248,,0
10213,"Orbeetle Gmax",826,140,10000,253,,0
10214,"Drednaw Gmax",834,240,10000,170,,0
10215,"Coalossal Gmax",839,420,10000,255,,0
10216,"Flapple Gmax",841,240,10000,170,,0
10217,"Appletun Gmax",842,240,10000,170,,0
10218,"Sandaconda Gmax",844,220,10000,179,,0
10219,"Toxtricity Amped Gmax",849,240,10000,176,,0
10220,"Centiskorch Gmax",851,750,10000,184,,0
10221,"Hatterene Gmax",858,260,10000,255,,0
10222,"Grimmsnarl Gmax",861,320,10000,255,,0
10223,"Alcremie Gmax",869,300,10000,173,,0
10224,"Copperajah Gmax",879,230,10000,175,,0
10225,"Duraludon Gmax",884,430,10000,187,,0
10226,"Urshifu Single Strike Gmax",892,290,10000,275,,0
10227,"Urshifu Rapid Strike Gmax",892,260,10000,275,,0
10228,"Toxtricity Low Key Gmax",849,240,10000,176,,0
10229,"Growlithe Hisui",58,8,227,70,,0
10230,"Arcanine Hisui",59,20,1680,194,,0
10231,"Voltorb Hisui",100,5,130,66,,0
10232,"Electrode Hisui",101,12,710,172,,0
10233,"Typhlosion Hisui",157,16,698,240,,0
10234,"Qwilfish Hisui",211,5,39,88,,0
10235,"Sneasel Hisui",215,9,270,86,,0
10236,"Samurott Hisui",503,15,582,238,,0
10237,"Lilligant Hisui",549,12,192,168,,0
10238,"Zorua Hisui",570,7,125,66,,0
10239,"Zoroark Hisui",571,16,730,179,,0
10240,"Braviary Hisui",628,17,434,179,,0
10241,"Sliggoo Hisui",705,7,685,158,,0
10242,"Goodra Hisui",706,17,3341,270,,0
10243,"Avalugg Hisui",713,14,2624,180,,0
10244,"Decidueye Hisui",724,16,370,239,,0
10245,"Dialga Origin",483,70,8487,306,,0
10246,"Palkia Origin",484,63,6590,306,,0
10247,"Basculin White Striped",550,10,180,161,,0
10248,"Basculegion Female",902,30,1100,265,,0
10249,"Enamorus Therian",905,16,480,116,,0
10250,"Tauros Paldea Combat Breed",128,14,1150,172,,0
10251,"Tauros Paldea Blaze Breed",128,14,850,172,,0
10252,"Tauros Paldea Aqua Breed",128,14,1100,172,,0
10253,"Wooper Paldea",194,4,110,42,,0
10254,"Oinkologne Female",916,10,1200,171,,0
10255,"Dudunsparce Three Segment",982,45,474,182,,0
10256,"Palafin Hero",964,18,974,160,,0
10257,"Maushold Family Of Three",925,3,28,165,,0
10258,"Tatsugiri Droopy",978,3,80,166,,0
10259,"Tatsugiri Stretchy",978,3,80,166,,0
10260,"Squawkabilly Blue Plumage",931,6,24,146,,0
10261,"Squawkabilly Yellow Plumage",931,6,24,146,,0
10262,"Squawkabilly White Plumage",931,6,24,146,,0
10263,"Gimmighoul Roaming",999,1,10,60,,0
10264,"Koraidon Limited Build",1007,35,3030,335,,0
10265,"Koraidon Sprinting Build",1007,35,3030,335,,0
10266,"Koraidon Swimming Build",1007,35,3030,335,,0
10267,"Koraidon Gliding Build",1007,35,3030,335,,0
10268,"Miraidon Low Power Mode",1008,28,2400,335,,0
10269,"Miraidon Drive Mode",1008,28,2400,335,,0
10270,"Miraidon Aquatic Mode",1008,28,2400,335,,0
10271,"Miraidon Glide Mode",1008,28,2400,335,,0
10272,"Ursaluna Bloodmoon",901,24,2900,275,,0
10273,"Ogerpon Wellspring Mask",1017,12,398,275,,0
10274,"Ogerpon Hearthflame Mask",1017,12,398,275,,0
10275,"Ogerpon Cornerstone Mask",1017,12,398,275,,0
10276,"Terapagos Terastal",1024,3,160,90,,0
10277,"Terapagos Stellar",1024,17,770,90,,0
